player_id,field,value,note
9418198b,country,India,Uncapped Indian domestic player (Punjab); infobox has no international side
872b03f7,country,India,Uncapped Indian domestic player (Delhi)
9440ef41,country,India,Uncapped Indian domestic player (Delhi)
8e514b4c,country,India,Uncapped Indian domestic player (Jammu and Kashmir)
d1a60072,country,India,Uncapped Indian domestic player (Punjab)
54e52590,country,India,Uncapped Indian domestic player (Karnataka)
f6d8a7ab,country,India,Uncapped Indian domestic player (Madhya Pradesh)
f89d3b11,country,India,Uncapped Indian domestic player (Uttar Pradesh)
0890552f,country,India,Uncapped Indian domestic player (Karnataka)
d45c29b1,country,India,Uncapped Indian domestic player (Punjab)
ece7b6b3,country,India,Uncapped Indian domestic player (Vidarbha)
4885bbe6,country,India,Uncapped Indian domestic player (Jammu and Kashmir)
cc61ee8f,country,India,Uncapped Indian domestic player (Tamil Nadu)
6b2ff18f,country,India,Uncapped Indian domestic player (Vidarbha)
378daa89,country,India,Uncapped Indian domestic player (Tamil Nadu)
13fc5c6d,full_name,Digvesh Rathi,No Wikipedia article at time of enrichment
13fc5c6d,country,India,Uncapped Indian domestic player (Delhi)
13fc5c6d,bowling_arm,right,Leg-spinner
13fc5c6d,bowling_type,spin,Leg-spinner
13fc5c6d,bowling_style,Right-arm leg break,Leg-spinner
fffa744b,full_name,Naman Dhir,No Wikipedia article at time of enrichment
fffa744b,country,India,Uncapped Indian domestic player (Punjab)
fffa744b,batting_hand,right,Right-handed batter
b5797845,full_name,Priyansh Arya,No Wikipedia article at time of enrichment
b5797845,country,India,Uncapped Indian domestic player (Delhi)
b5797845,batting_hand,left,Left-handed opening batter
5ffc0565,full_name,Vipraj Nigam,No Wikipedia article at time of enrichment
5ffc0565,country,India,Uncapped Indian domestic player (Uttar Pradesh)
5ffc0565,bowling_arm,right,Leg-spinning all-rounder
5ffc0565,bowling_type,spin,Leg-spinning all-rounder
5ffc0565,bowling_style,Right-arm leg break,Leg-spinning all-rounder
1a0c3177,bowling_arm,right,Infobox bowling field missing
1a0c3177,bowling_type,pace,Infobox bowling field missing
1a0c3177,bowling_style,Right-arm medium-fast,Infobox bowling field missing
