player_id,full_name,date_of_birth,country,batting_hand,bowling_arm,bowling_type,bowling_style,source
00ea847a,Mayank Agarwal,1991-02-16,India,right,right,spin,Right-arm off break,Q6796841 | enwiki:Mayank Agarwal
012829ff,John Hastings,1985-11-04,Australia,right,right,pace,Right-arm fast-medium,Q6238210 | enwiki:John Hastings (cricketer)
0164b064,Michael Neser,1990-03-29,Australia,right,right,pace,Right-arm medium-fast,Q19519544 | enwiki:Michael Neser
0184dc35,Rahul Dravid,1973-01-11,India,right,right,spin,Right-arm off break,Q470772 | enwiki:Rahul Dravid
025c4400,Manav Suthar,2002-08-03,India,left,left,spin,Left-arm orthodox,Q130427357 | enwiki:Manav Suthar
0264c10e,Dinesh Salunkhe,1982-11-12,India,right,right,spin,Right-arm leg break,Q5278102 | enwiki:Dinesh Salunkhe
02dfebbe,,,,,,,,
030f3089,Kuldip Yadav,1996-10-15,,left,left,pace,Left-arm fast-medium,Q75489452 | enwiki:Kuldip Yadav
034b4b7d,V. R. V. Singh,1984-09-17,India,right,right,pace,Right-arm fast-medium,Q3528577 | enwiki:V. R. V. Singh
03806cf8,Josh Hazlewood,1991-01-08,Australia,left,right,pace,Right-arm fast-medium,Q6288970 | enwiki:Josh Hazlewood
03a83c50,Vijayakanth Viyaskanth,2001-12-05,Sri Lanka,right,right,spin,Right-arm leg break,Q103821545 | enwiki:Vijayakanth Viyaskanth
0404d43c,Litton Das,1994-02-16,Bangladesh,right,right,spin,Right-arm off break,Q6653212 | enwiki:Litton Das
0494fa6e,Vishnu Vinod,1993-12-02,India,right,right,pace,Right-arm medium-fast,Q27744660 | enwiki:Vishnu Vinod
04a418e8,Riyan Parag,2001-10-11,India,right,right,spin,Right-arm off break,Q28549840 | enwiki:Riyan Parag
05c2ca46,Roelof van der Merwe,1984-12-31,South Africa,right,left,spin,Left-arm orthodox,Q11217157 | enwiki:Roelof van der Merwe
0604ef16,Sanjay Bangar,1972-10-11,India,right,right,pace,Right-arm medium,Q3764505 | enwiki:Sanjay Bangar
063b3673,Dishant Yagnik,1983-06-22,India,left,,,,Q16222547 | enwiki:Dishant Yagnik
08548b13,Kamindu Mendis,1998-09-30,Sri Lanka,left,left,spin,Left-arm orthodox,Q22006833 | enwiki:Kamindu Mendis
0890552f,Abhinav Manohar,1994-09-16,India,right,right,spin,Right-arm leg break,Q109672394 | enwiki:Abhinav Manohar | manual
0994d0ae,Vijay Shankar,1991-01-26,India,right,right,pace,Right-arm medium,Q19571705 | enwiki:Vijay Shankar
0a3d54b9,Varun Aaron,1989-10-29,India,right,right,pace,Right-arm fast,Q137577 | enwiki:Varun Aaron
0a476045,Shikhar Dhawan,1985-12-05,India,left,right,spin,Right-arm off break,Q7487024 | enwiki:Shikhar Dhawan
0a4ebc61,Tyron Henderson,1974-08-01,South Africa,right,right,pace,Right-arm fast-medium,Q7861558 | enwiki:Tyron Henderson
0a509d6b,Rinku Singh,1997-10-12,India,left,right,spin,Right-arm off break,Q24005099 | enwiki:Rinku Singh (cricketer)
0a67aec0,Akash Deep,1996-12-15,India,right,right,pace,Right-arm fast-medium,Q62004095 | enwiki:Akash Deep
0a8fce53,Mustafizur Rahman,1995-09-06,Bangladesh,left,left,pace,Left-arm fast-medium,Q19829386 | enwiki:Mustafizur Rahman
0aadc906,Pinal Shah,1987-11-03,India,right,,,,Q7194813 | enwiki:Pinal Shah
0af3426f,Shrikant Mundhe,1988-10-27,India,right,right,pace,Right-arm medium-fast,Q7503962 | enwiki:Shrikant Mundhe
0b60eb09,Keshav Maharaj,1990-02-07,South Africa,right,left,spin,Left-arm orthodox,Q19968781 | enwiki:Keshav Maharaj
0bacade8,Rahmanullah Gurbaz,2001-11-28,Afghanistan,right,,,,Q28536845 | enwiki:Rahmanullah Gurbaz
0bf15e52,Harmeet Singh,1992-09-07,United States,left,left,spin,Left-arm orthodox,Q16228362 | enwiki:Harmeet Singh (American cricketer)
0c2730df,Anil Kumble,1970-10-17,India,right,right,spin,Right-arm leg break,Q2849991 | enwiki:Anil Kumble
0c432afb,Prasanth Parameswaran,1985-05-30,India,right,left,pace,Left-arm fast-medium,Q7238478 | enwiki:Prasanth Parameswaran
0c94f480,Unmukt Chand,1993-03-26,India,right,right,spin,Right-arm off break,Q7897123 | enwiki:Unmukt Chand
0c9652b0,Hrithik Shokeen,2000-01-18,India,right,right,spin,Right-arm off break,Q75026474 | enwiki:Hrithik Shokeen
0d232ffd,,,,,,,,
0dc00542,Shahid Afridi,1980-03-01,Pakistan,right,right,spin,Right-arm leg break,Q380445 | enwiki:Shahid Afridi
0ebfb1ad,Evin Lewis,1991-12-27,West Indies,left,right,pace,Right-arm medium,Q16224701 | enwiki:Evin Lewis
0ed0cdbf,Halhadar Das,1986-12-10,India,right,,,,Q22958907 | enwiki:Halhadar Das
0edcb652,Subhranshu Senapati,1996-12-30,India,right,right,pace,Right-arm medium,Q27469916 | enwiki:Subhranshu Senapati
0f12f9df,Thisara Perera,1989-04-03,Sri Lanka,left,right,pace,Right-arm medium-fast,Q3529830 | enwiki:Thisara Perera
0f721006,Jason Holder,1991-11-05,West Indies,right,right,pace,Right-arm medium-fast,Q6162716 | enwiki:Jason Holder
0fa5042b,Luke Ronchi,1981-04-23,Australia,right,,,,Q6702323 | enwiki:Luke Ronchi
107c26fb,Kwena Maphaka,2006-04-08,South Africa,left,left,pace,Left-arm fast,Q124448793 | enwiki:Kwena Maphaka
10a91f35,Shoaib Akhtar,1975-08-13,Pakistan,right,right,pace,Right-arm fast,Q738330 | enwiki:Shoaib Akhtar
11061889,Saurabh Dubey,1998-01-23,India,,,,,Q75029936 | enwiki:Saurabh Dubey (Maharashtra cricketer)
11614d87,Dwaine Pretorius,1989-03-29,South Africa,right,right,pace,Right-arm medium-fast,Q20981873 | enwiki:Dwaine Pretorius
119678fd,Karn Sharma,1987-10-23,India,left,right,spin,Right-arm leg break,Q16225462 | enwiki:Karn Sharma
11df3dc8,Michael Lumb,1980-02-12,England,left,right,pace,Right-arm medium,Q6832351 | enwiki:Michael Lumb (cricketer)
12314277,Arshad Khan,1997-12-20,India,left,left,pace,Left-arm medium,Q105672068 | enwiki:Arshad Khan (Indian cricketer)
12b610c2,Travis Head,1993-12-29,Australia,left,right,spin,Right-arm off break,Q7836266 | enwiki:Travis Head
12eddf28,Ryan Harris,1979-10-11,Australia,right,right,pace,Right-arm fast,Q7384126 | enwiki:Ryan Harris (cricketer)
133bbd61,,,,,,,,
1399b39c,,,,,,,,
13c35c9e,Tim Southee,1988-12-11,New Zealand,right,right,pace,Right-arm medium-fast,Q3529779 | enwiki:Tim Southee
13fc5c6d,Digvesh Rathi,,India,,right,spin,Right-arm leg break,manual
14b14cd8,Darren Bravo,1989-02-06,West Indies,left,right,pace,Right-arm medium,Q3529556 | enwiki:Darren Bravo
14f96089,Adam Zampa,1992-03-31,Australia,right,right,spin,Right-arm leg break,Q16225921 | enwiki:Adam Zampa
1558d83b,Gurinder Sandhu,1993-06-14,Australia,left,right,pace,Right-arm fast-medium,Q5620085 | enwiki:Gurinder Sandhu
16043342,Andrew McDonald,1981-06-15,Australia,right,right,pace,Right-arm fast-medium,Q4757945 | enwiki:Andrew McDonald (cricketer)
1647bd37,Karanveer Singh,1987-11-08,India,right,right,spin,Right-arm leg break,Q17107591 | enwiki:Karanveer Singh
16605a1b,Abrar Kazi,1989-09-29,India,left,left,spin,Left-arm orthodox,Q21285296 | enwiki:Abrar Kazi
16dfcc19,Umar Gul,1982-10-15,Pakistan,right,right,pace,Right-arm fast-medium,Q3535492 | enwiki:Umar Gul
172dff15,Corbin Bosch,1994-09-10,South Africa,right,right,pace,Right-arm fast-medium,Q21620914 | enwiki:Corbin Bosch
1763bc6c,Thalaivan Sargunam,1985-05-15,India,right,,,,Q16223939 | enwiki:Thalaivan Sargunam
18c78b11,Richard Levi,1988-01-14,South Africa,right,right,pace,Right-arm medium,Q7327357 | enwiki:Richard Levi
18e6906e,Aniket Choudhary,1990-01-28,India,right,left,pace,Left-arm medium,Q18763957 | enwiki:Aniket Choudhary
19b9f399,Chris Green,1993-10-01,Australia,right,right,spin,Right-arm off break,Q18686459 | enwiki:Chris Green (cricketer)
1a0c3177,Parvinder Awana,1986-07-19,India,right,right,pace,Right-arm medium-fast,Q7141333 | enwiki:Parvinder Awana | manual
1a156c88,D'Arcy Short,1990-08-09,Australia,left,left,spin,Left-arm wrist spin,Q5203105 | enwiki:D'Arcy Short
1a2676c5,Sean Abbott,1992-02-29,Australia,right,right,pace,Right-arm fast-medium,Q7440795 | enwiki:Sean Abbott
1abb78f8,Shardul Thakur,1991-10-16,India,right,right,pace,Right-arm medium,Q18638089 | enwiki:Shardul Thakur
1ac746c8,Atharva Taide,2000-04-26,India,left,left,spin,Left-arm orthodox,Q56678457 | enwiki:Atharva Taide
1b7b0fa7,Vivrant Sharma,1999-10-30,,left,right,spin,Right-arm leg break,Q105613656 | enwiki:Vivrant Sharma
1be70c88,Chamara Silva,1979-12-14,Sri Lanka,right,right,spin,Right-arm leg break,Q3522170 | enwiki:Chamara Silva
1c17e270,Robin Uthappa,1984-11-11,India,right,right,pace,Right-arm medium,Q2745297 | enwiki:Robin Uthappa
1c2a64cd,Ashish Reddy,1991-02-24,India,right,right,pace,Right-arm medium,Q4805158 | enwiki:Ashish Reddy
1c84109e,,,,,,,,
1c914163,Yuvraj Singh,1981-12-12,India,left,left,spin,Left-arm orthodox,Q2723790 | enwiki:Yuvraj Singh
1cb14aa4,Junior Dala,1989-12-29,South Africa,right,,pace,Medium,Q6313225 | enwiki:Junior Dala
1da489ff,Shivil Kaushik,1990-09-07,India,right,left,spin,Left-arm wrist spin,Q24006928 | enwiki:Shivil Kaushik
1dc12ab9,Suresh Raina,1986-11-27,India,left,right,spin,Right-arm off break,Q3519505 | enwiki:Suresh Raina
1e030637,Vignesh Puthur,2001-03-02,India,,left,spin,Left-arm wrist spin,Q133480897 | enwiki:Vignesh Puthur
1e66c162,Jaydev Unadkat,1992-10-18,India,right,left,pace,Left-arm medium,Q6167758 | enwiki:Jaydev Unadkat
1ee08e9a,Jhye Richardson,1996-09-20,Australia,right,right,pace,Right-arm fast,Q21622525 | enwiki:Jhye Richardson
1efb8a28,Aiden Blizzard,1984-06-27,Australia,left,left,pace,Left-arm medium,Q4696765 | enwiki:Aiden Blizzard
1fc6ef83,Shai Hope,1993-11-10,West Indies,right,left,pace,Left-arm medium,Q19787242 | enwiki:Shai Hope
2049f3a0,Shalabh Srivastava,1981-09-22,India,right,left,pace,Left-arm fast-medium,Q7487118 | enwiki:Shalabh Srivastava
20a941bb,Makhaya Ntini,1977-07-06,South Africa,right,right,pace,Right-arm fast,Q1886365 | enwiki:Makhaya Ntini
21ac077a,Ranadeb Bose,1979-02-27,India,right,right,pace,Right-arm fast-medium,Q13059525 | enwiki:Ranadeb Bose
21d4e29b,Navdeep Saini,1992-11-23,India,right,right,pace,Right-arm fast,Q21622671 | enwiki:Navdeep Saini
235c2bb6,Heinrich Klaasen,1991-07-30,South Africa,right,right,spin,Right-arm off break,Q20981646 | enwiki:Heinrich Klaasen
23ac69e6,Rob Quiney,1982-08-20,Australia,left,right,pace,Right-arm medium,Q7340482 | enwiki:Rob Quiney
23cca426,Odean Smith,1996-11-01,West Indies,right,right,pace,Right-arm fast-medium,Q23761563 | enwiki:Odean Smith
23eeb873,Deepak Chahar,1972-08-07,India,right,right,pace,Right-arm medium,Q5250490 | enwiki:Deepak Chahar
244048f6,Arshdeep Singh,1999-02-05,India,left,left,pace,Left-arm medium-fast,Q60734086 | enwiki:Arshdeep Singh
245c97cb,Tymal Mills,1992-08-12,England,right,left,pace,Left-arm fast,Q7860348 | enwiki:Tymal Mills
2461eef2,Akshath Reddy,1991-02-11,India,right,right,spin,Right-arm leg break,Q4701800 | enwiki:Akshath Reddy
2498e163,James Hopes,1978-10-24,Australia,right,right,pace,Right-arm medium,Q2738944 | enwiki:James Hopes
249abedf,Jalaj Saxena,1986-12-15,India,right,right,spin,Right-arm off break,Q6125841 | enwiki:Jalaj Saxena
249d60c9,Adil Rashid,1988-02-17,England,right,right,spin,Right-arm leg break,Q4682815 | enwiki:Adil Rashid
24d94623,Ankit Sharma,1991-04-20,India,left,left,spin,Left-arm orthodox,Q4766068 | enwiki:Ankit Sharma (cricketer)
2503e881,André Nel,1977-06-15,South Africa,right,,pace,Fast-medium,Q3525729 | enwiki:André Nel
25228673,Harsh Dubey,2002-07-23,India,left,left,spin,Left-arm orthodox,Q105625520 | enwiki:Harsh Dubey
25eeb281,Paul Valthaty,1983-12-07,India,right,right,spin,Right-arm off break,Q7154127 | enwiki:Paul Valthaty
25f7b7d6,Tom Banton,1998-11-11,England,right,right,spin,Right-arm off break,Q33084528 | enwiki:Tom Banton
260fd380,Aavishkar Salvi,1981-10-20,India,right,right,pace,Right-arm fast-medium,Q3529521 | enwiki:Aavishkar Salvi
266849c1,Raghav Goyal,,,left,left,spin,Left-arm wrist spin,Q124125045 | enwiki:Raghav Goyal
26989d80,Shashank Singh,1991-11-21,India,right,right,pace,Right-arm medium,Q23761526 | enwiki:Shashank Singh
26a85969,Rishi Dhawan,1990-02-19,India,right,right,pace,Right-arm medium-fast,Q7336038 | enwiki:Rishi Dhawan
26d041c4,Sikandar Raza,1986-04-24,Zimbabwe,right,right,spin,Right-arm off break,Q7513554 | enwiki:Sikandar Raza
26d76ad9,Virat Singh,1997-12-08,India,left,right,spin,Right-arm off break,Q19899153 | enwiki:Virat Singh
26e5cabf,Manoj Tiwary,1985-11-14,India,right,right,spin,Right-arm leg break,Q3595506 | enwiki:Manoj Tiwary (cricketer)
26ff4c29,Robin Peterson,1979-08-04,South Africa,left,left,spin,Left-arm orthodox,Q3522056 | enwiki:Robin Peterson
271f83cd,Suryakumar Yadav,1990-09-14,India,right,right,spin,Right-arm off break,Q15864307 | enwiki:Suryakumar Yadav
2728e7e9,Paras Dogra,1984-11-19,India,right,right,spin,Right-arm leg break,Q7135855 | enwiki:Paras Dogra
272d796e,Ben Dunk,1987-03-11,Australia,left,right,spin,Right-arm off break,Q4885560 | enwiki:Ben Dunk
27af6414,Ben Rohrer,1981-03-26,Australia,left,right,pace,Right-arm medium,Q4886380 | enwiki:Ben Rohrer
27e71d47,Krishnakant Upadhyay,1986-06-18,India,right,,pace,Medium,Q16225739 | enwiki:Krishnakant Upadhyay
280fff14,Sakib Hussain,2004-12-14,India,,right,pace,Right-arm fast-medium,Q139342738 | enwiki:Sakib Hussain
2815fe50,Abhishek Jhunjhunwala,1982-12-01,India,right,right,spin,Right-arm off break,Q4667474 | enwiki:Abhishek Jhunjhunwala
287686fd,Sumit Narwal,1982-01-01,India,left,right,pace,Right-arm medium,Q7637146 | enwiki:Sumit Narwal
28c78fb3,Harpreet Singh,1991-08-11,United Arab Emirates,left,right,pace,Right-arm medium,Q5663652 | enwiki:Harpreet Singh Bhatia
297b26da,Yashpal Singh,1981-11-27,India,right,,,,Q8049762 | enwiki:Yashpal Singh (cricketer)
29d72eb2,Ankeet Chavan,1985-10-28,India,left,left,spin,Left-arm orthodox,Q4766012 | enwiki:Ankeet Chavan
29e95537,Ajinkya Rahane,1988-06-05,India,right,right,spin,Right-arm off break,Q137669 | enwiki:Ajinkya Rahane
2a2e6343,Daniel Christian,1983-05-04,Australia,right,right,pace,Right-arm fast-medium,Q5216804 | enwiki:Dan Christian
2a72fd4f,Harmeet Singh,1987-10-09,India,right,right,pace,Right-arm medium,Q16225529 | enwiki:Harmeet Singh Bansal
2af1b6d2,Abu Nechim,1988-11-05,India,right,right,pace,Right-arm fast-medium,Q4670297 | enwiki:Abu Nechim
2b6e6dec,Adam Gilchrist,1971-11-14,Australia,left,,,,Q349516 | enwiki:Adam Gilchrist
2b801189,,,,,,,,
2bb09eb2,Mohammad Ashraful,1984-07-07,Bangladesh,right,right,spin,Right-arm off break,Q3345586 | enwiki:Mohammad Ashraful
2be41edb,Martin Guptill,1986-09-30,New Zealand,right,right,spin,Right-arm off break,Q6775582 | enwiki:Martin Guptill
2c25d4f5,Devdutt Padikkal,2000-07-07,India,left,right,spin,Right-arm off break,Q59268573 | enwiki:Devdutt Padikkal
2c76b512,Domnic Joseph,1981-03-09,India,right,right,pace,Right-arm medium-fast,Q19818644 | enwiki:Domnic Joseph
2cdce1be,Chetan Sakariya,1998-08-20,India,left,left,pace,Left-arm medium-fast,Q49766209 | enwiki:Chetan Sakariya
2cffab74,Mukesh Kumar,1993-10-12,India,right,right,pace,Right-arm medium-fast,Q21621750 | enwiki:Mukesh Kumar (cricketer)
2d140b79,,,,,,,,
2e11c706,Ben Cutting,1987-01-30,Australia,right,right,pace,Right-arm fast-medium,Q4885492 | enwiki:Ben Cutting
2e171977,Axar Patel,1994-01-20,India,left,left,spin,Left-arm orthodox,Q16225109 | enwiki:Axar Patel
2e78f685,Kuldeep Sen,1996-10-23,India,right,right,pace,Right-arm fast,Q58174384 | enwiki:Kuldeep Sen
2e81a32d,Bhuvneshwar Kumar,1990-02-05,India,right,right,pace,Right-arm medium,Q2003153 | enwiki:Bhuvneshwar Kumar
2e8994e7,JP Duminy,1984-04-14,South Africa,left,right,spin,Right-arm off break,Q3531633 | enwiki:JP Duminy
2e9fdf9b,Doug Bracewell,1990-09-28,New Zealand,right,right,pace,Right-arm medium-fast,Q5300321 | enwiki:Doug Bracewell
2ed569a0,Rahul Chahar,1999-08-04,India,right,right,spin,Right-arm leg break,Q27736420 | enwiki:Rahul Chahar
2eeb4370,Chandan Madan,1982-10-15,India,right,,,,Q19893424 | enwiki:Chandan Madan
2f3817ce,TP Sudhindra,1984-04-24,India,left,right,pace,Right-arm fast,Q7671204 | enwiki:TP Sudhindra
2f49c897,Mohammed Siraj,1994-03-13,India,right,right,pace,Right-arm fast,Q23761458 | enwiki:Mohammed Siraj
2f9d0389,Lockie Ferguson,1991-06-13,New Zealand,right,right,pace,Right-arm fast,Q21621282 | enwiki:Lockie Ferguson
30a2649b,Muralidharen Gautam,1986-03-08,India,right,,,,Q6937294 | enwiki:C. M. Gautam
30a45b23,Steve Smith,1989-06-02,Australia,right,right,spin,Right-arm leg break,Q7613970 | enwiki:Steve Smith (cricketer)
30df8c66,Simarjeet Singh,1998-01-17,India,right,right,pace,Right-arm medium-fast,Q56678462 | enwiki:Simarjeet Singh
30e37810,Sunny Singh,1986-12-18,India,right,right,pace,Right-arm medium,Q7640740 | enwiki:Sunny Singh (cricketer)
3204c99f,Gerald Coetzee,2000-10-02,South Africa,right,right,pace,Right-arm fast,Q57313948 | enwiki:Gerald Coetzee
32198ae0,Moisés Henriques,1987-02-01,Australia,right,right,pace,Right-arm fast-medium,Q3288799 | enwiki:Moises Henriques
3241e3fd,Nicolas Pooran,1995-10-02,West Indies,left,right,spin,Right-arm off break,Q17484247 | enwiki:Nicholas Pooran
327b58d3,Dushmantha Chameera,1992-01-11,Sri Lanka,right,right,pace,Right-arm fast,Q18921524 | enwiki:Dushmantha Chameera
331ea488,Usman Khawaja,1986-12-18,Australia,left,right,spin,Right-arm off break,Q3524804 | enwiki:Usman Khawaja
3355b542,Faf du Plessis,1984-07-13,South Africa,right,right,spin,Right-arm leg break,Q429539 | enwiki:Faf du Plessis
33a364a6,Rajat Bhatia,1979-10-22,India,right,right,pace,Right-arm medium-fast,Q7285865 | enwiki:Rajat Bhatia
33cb3411,Younus Khan,1977-11-29,Pakistan,right,right,pace,Right-arm medium,Q3352654 | enwiki:Younis Khan
33ffc3dd,Sanjay Yadav,1995-05-10,India,left,left,spin,Left-arm orthodox,Q29207293 | enwiki:Sanjay Yadav (cricketer)
342d8ade,Dilhara Fernando,1979-07-19,Sri Lanka,right,right,pace,Right-arm fast,Q3537609 | enwiki:Dilhara Fernando
350bb1b1,Adam Milne,1992-04-13,New Zealand,right,right,pace,Right-arm fast,Q4679499 | enwiki:Adam Milne
35205dfc,Dwayne Smith,1983-04-12,West Indies,right,right,pace,Right-arm medium,Q5318032 | enwiki:Dwayne Smith
3576e47e,Subramaniam Badrinath,1980-08-30,India,right,right,spin,Right-arm off break,Q3530692 | enwiki:Subramaniam Badrinath
35f173a0,Matthew Breetzke,1998-11-03,South Africa,right,right,pace,Right-arm medium,Q28736666 | enwiki:Matthew Breetzke
36619795,Zeeshan Ansari,1999-12-16,India,right,right,spin,Right-arm leg break,Q41654344 | enwiki:Zeeshan Ansari
36d33dd0,Ramnaresh Sarwan,1980-06-23,West Indies,right,right,spin,Right-arm leg break,Q3522156 | enwiki:Ramnaresh Sarwan
372455c4,Quinton de Kock,1992-12-17,South Africa,left,,,,Q7272502 | enwiki:Quinton de Kock
378daa89,Aman Hakim Khan,1996-11-23,India,right,right,pace,Right-arm medium,Q105833616 | enwiki:Aman Hakim Khan | manual
38f2c66c,,,,,,,,
39086549,Josh Philippe,1997-06-01,Australia,right,,,,Q46581038 | enwiki:Josh Philippe
39a2dfa8,Rahul Tewatia,1993-05-20,India,left,right,spin,Right-arm leg break,Q17082560 | enwiki:Rahul Tewatia
39ed0d2f,Karan Sharma,1998-10-31,,right,right,spin,Right-arm off break,"Q105063713 | enwiki:Karan Sharma (cricketer, born 1998)"
39f01cdb,Kevin Pietersen,1980-06-27,England,right,right,spin,Right-arm off break,Q1398682 | enwiki:Kevin Pietersen
39f82db3,Daniel Harris,1979-12-31,Australia,right,right,pace,Right-arm medium,Q5217437 | enwiki:Daniel Harris (cricketer)
3a02626a,Amit Paunikar,1988-04-18,India,right,right,pace,Right-arm medium,Q16002888 | enwiki:Amit Paunikar
3a60e0b5,Wayne Parnell,1989-07-30,South Africa,left,left,pace,Left-arm medium-fast,Q3521498 | enwiki:Wayne Parnell
3ae3f034,Asad Ullah Khan Pathan,1984-06-17,India,right,right,pace,Right-arm medium,Q4803223 | enwiki:Asad Pathan
3b53243a,Xavier Bartlett,1998-12-17,Australia,right,right,pace,Right-arm fast-medium,Q26837653 | enwiki:Xavier Bartlett
3c28853f,Sediqullah Atal,2001-08-12,Afghanistan,left,,,,Q98955964 | enwiki:Sediqullah Atal
3c55c703,Jacob Bethell,2003-10-23,England,left,left,spin,Left-arm orthodox,Q107369365 | enwiki:Jacob Bethell
3c6ffae8,Yusuf Pathan,1982-11-17,India,right,right,spin,Right-arm off break,Q3522100 | enwiki:Yusuf Pathan
3cea23da,Nishant Sindhu,2004-04-09,India,left,left,spin,Left-arm orthodox,Q130742511 | enwiki:Nishant Sindhu
3d284ca3,Philip Salt,1996-08-28,England,right,right,spin,Right-arm off break,Q21030613 | enwiki:Phil Salt
3d7e087f,Siddharth Trivedi,1982-09-04,India,right,right,pace,Right-arm fast-medium,Q13121977 | enwiki:Siddharth Trivedi
3d8feaf8,Mitchell Marsh,1991-10-20,Australia,right,right,pace,Right-arm medium,Q13579875 | enwiki:Mitchell Marsh
3dba85c2,Wilkin Mota,1981-09-20,India,right,right,pace,Right-arm medium,Q3527881 | enwiki:Wilkin Mota
3eac9d95,Jacob Oram,1978-07-28,New Zealand,left,right,pace,Right-arm fast-medium,Q3630213 | enwiki:Jacob Oram
3edb58fc,Dimitri Mascarenhas,1977-10-30,England,right,right,pace,Right-arm medium-fast,Q3523393 | enwiki:Dimitri Mascarenhas
3fb19989,Mitchell Starc,1990-01-30,Australia,left,left,pace,Left-arm fast,Q6881406 | enwiki:Mitchell Starc
3fca55af,Sunny Sohal,1987-11-10,United States,right,right,spin,Right-arm leg break,Q7640745 | enwiki:Sunny Sohal
3ff033bb,Dasun Shanaka,1991-09-09,Sri Lanka,right,right,pace,Right-arm medium,Q20745304 | enwiki:Dasun Shanaka
402f8494,Richard Gleeson,1987-12-02,England,right,right,pace,Right-arm fast-medium,Q20876688 | enwiki:Richard Gleeson
40caa465,Taruwar Kohli,1988-12-17,India,right,right,pace,Right-arm medium,Q7686953 | enwiki:Taruwar Kohli
4125d931,Jagadeesha Suchith,1994-01-16,India,left,left,spin,Left-arm orthodox,Q19898501 | enwiki:Jagadeesha Suchith
4180d897,Jerome Taylor,1984-06-22,West Indies,right,right,pace,Right-arm fast,Q6182931 | enwiki:Jerome Taylor
41eb4a4f,Vinay Kumar,1984-02-12,India,right,right,pace,Right-arm medium-fast,Q3536937 | enwiki:Vinay Kumar
4329fbb5,Shane Watson,1981-06-17,Australia,right,right,pace,Right-arm fast-medium,Q2732224 | enwiki:Shane Watson
4353bba5,Yusuf Abdulla,1983-01-17,South Africa,left,left,pace,Left-arm fast-medium,Q3525071 | enwiki:Yusuf Abdulla
441c72ae,Prayas Ray Barman,2002-10-25,India,right,right,spin,Right-arm leg break,Q56678508 | enwiki:Prayas Ray Barman
449f4e3c,Blessing Muzarabani,1996-10-02,Zimbabwe,right,right,pace,Right-arm fast-medium,Q41585980 | enwiki:Blessing Muzarabani
44a89551,Srikar Bharat,1993-10-03,India,right,,,,Q19882309 | enwiki:K. S. Bharat
44aac2f0,Arjun Tendulkar,1999-09-24,India,left,left,pace,Left-arm medium-fast,Q22327439 | enwiki:Arjun Tendulkar
44afbf2d,Nic Maddinson,1991-12-21,Australia,left,left,spin,Left-arm orthodox,Q7024287 | enwiki:Nic Maddinson
45a43fe2,Ruturaj Gaikwad,1997-01-31,India,right,right,spin,Right-arm off break,Q27244464 | enwiki:Ruturaj Gaikwad
45c2196c,Doug Bollinger,1981-07-24,Australia,left,left,pace,Left-arm fast,Q3037928 | enwiki:Doug Bollinger
45eda7c8,Chris Lynn,1990-04-10,Australia,right,left,spin,Left-arm orthodox,Q5107293 | enwiki:Chris Lynn
462411b3,Jasprit Bumrah,1993-12-06,India,right,right,pace,Right-arm fast,Q16227998 | enwiki:Jasprit Bumrah
465aa633,Nandre Burger,1995-08-11,South Africa,left,left,pace,Left-arm fast-medium,Q28842106 | enwiki:Nandre Burger
4663bd23,Tim Seifert,1994-12-14,New Zealand,right,,,,Q20745291 | enwiki:Tim Seifert
469ea22b,Nuwan Kulasekara,1982-07-22,Sri Lanka,right,right,pace,Right-arm fast-medium,Q3533953 | enwiki:Nuwan Kulasekara
46a9bea1,Tushar Deshpande,1995-05-15,India,left,right,pace,Right-arm medium,Q27448027 | enwiki:Tushar Deshpande
470f446b,Vaibhav Suryavanshi,2011-03-27,India,left,left,spin,Left-arm orthodox,Q130390376 | enwiki:Vaibhav Sooryavanshi
4885bbe6,Yudhvir Singh,1997-12-13,India,right,right,pace,Right-arm medium-fast,Q85816916 | enwiki:Yudhvir Singh (cricketer) | manual
48a1d7b7,Shimron Hetmyer,1996-12-26,West Indies,left,,,,Q20631208 | enwiki:Shimron Hetmyer
48fd7349,Michael Hussey,1975-05-27,Australia,left,right,pace,Right-arm medium,Q174147 | enwiki:Michael Hussey
4933f499,Jason Behrendorff,1990-04-20,Australia,right,left,pace,Left-arm fast-medium,Q6162006 | enwiki:Jason Behrendorff
495d42a5,Ravichandran Ashwin,1986-09-17,India,right,right,spin,Right-arm off break,Q3007571 | enwiki:Ravichandran Ashwin
4a8a2e3b,MS Dhoni,1981-07-07,India,right,right,pace,Right-arm medium,Q470774 | enwiki:MS Dhoni
4ae1755b,Harry Brook,1999-02-22,England,right,right,pace,Right-arm medium,Q27914997 | enwiki:Harry Brook
4b31f3a3,Yash Thakur,1999-06-28,India,,right,pace,Right-arm fast-medium,Q28840019 | enwiki:Yash Thakur
4b4d1957,Sarvesh Kumar,1989-04-26,India,right,right,pace,Right-arm medium,Q24005915 | enwiki:Sarvesh Kumar
4b57e452,Murali Vijay,1984-04-01,India,right,right,spin,Right-arm off break,Q3521445 | enwiki:Murali Vijay
4ba44e19,Muttiah Muralitharan,1972-04-17,Sri Lanka,right,right,spin,Right-arm off break,Q379709 | enwiki:Muttiah Muralitharan
4bd09374,Akash Mandwaal,1993-11-25,India,right,right,pace,Right-arm medium-fast,Q73986175 | enwiki:Akash Madhwal
4c4fa80b,Sachithra Senanayake,1985-02-09,Sri Lanka,right,right,spin,Right-arm off break,Q7396761 | enwiki:Sachithra Senanayake
4c5d73db,Chris Woakes,1989-03-02,England,right,right,pace,Right-arm fast-medium,Q5108508 | enwiki:Chris Woakes
4d5a1617,Rajesh Bishnoi,1987-10-08,India,right,right,pace,Right-arm medium-fast,Q21284618 | enwiki:Rajesh Bishnoi
4d6d6280,Salman Butt,1984-10-07,Pakistan,left,right,spin,Right-arm off break,Q3273844 | enwiki:Salman Butt
4d7f517e,Akeal Hosein,1993-04-25,West Indies,left,left,spin,Left-arm orthodox,Q22005214 | enwiki:Akeal Hosein
4e04666c,Yogesh Takawale,1984-11-05,India,right,,,,Q16223487 | enwiki:Yogesh Takawale
4ec07775,Ryan ten Doeschate,1980-06-30,Netherlands,right,right,pace,Right-arm medium-fast,Q1925479 | enwiki:Ryan ten Doeschate
4f629497,Shane Edward Bond,1975-06-07,New Zealand,right,right,pace,Right-arm fast,Q7487985 | enwiki:Shane Bond
5056011d,George Bailey,1982-09-07,Australia,right,right,pace,Right-arm medium,"Q4711426 | enwiki:George Bailey (cricketer, born 1982)"
50758325,Brett Geeves,1982-06-13,Australia,right,right,pace,Right-arm fast-medium,Q4962187 | enwiki:Brett Geeves
508a1ea7,Shaun Marsh,1983-07-09,Australia,left,left,spin,Left-arm orthodox,Q3242942 | enwiki:Shaun Marsh
50c09020,Ashok Sharma,2002-06-17,India,,,,,Q111372964
50c6bc2b,Liam Livingstone,1993-08-04,England,right,right,spin,Right-arm off break,Q19968743 | enwiki:Liam Livingstone
51a3c5ef,Mitchell McClenaghan,1986-06-11,New Zealand,left,left,pace,Left-arm fast-medium,Q6881299 | enwiki:Mitchell McClenaghan
51ec3919,Tripurana Vijay,2001-09-05,India,,,,,Q135256804
52294a79,Himanshu Sharma,,India,right,right,spin,Right-arm leg break,Q117467380 | enwiki:Himanshu Sharma (cricketer)
529eb9e0,Obed McCoy,1997-01-04,West Indies,left,left,pace,Left-arm fast-medium,Q28530119 | enwiki:Obed McCoy
531f0278,,,,,,,,
53f27a35,Biplab Samantray,1988-12-14,India,right,,pace,Medium,Q4915455 | enwiki:Biplab Samantray
53fe6ee4,Darren Lehmann,1970-02-05,Australia,left,left,spin,Left-arm orthodox,Q5225020 | enwiki:Darren Lehmann
541f85c9,Shreevats Goswami,1989-05-18,India,left,right,pace,Right-arm medium,Q7503564 | enwiki:Shreevats Goswami
5451a2c1,Bharat Chipli,1983-01-27,India,right,right,pace,Right-arm medium,Q3529036 | enwiki:Bharat Chipli
548516a6,,,,,,,,
54e52590,Vyshak Vijay Kumar,1997-01-31,India,right,right,pace,Right-arm medium,Q105657811 | enwiki:Vijaykumar Vyshak | manual
557153ca,Kevon Cooper,1989-02-02,West Indies,right,right,pace,Right-arm medium,Q6397833 | enwiki:Kevon Cooper
5574750c,Jofra Archer,1995-04-01,England,right,right,pace,Right-arm fast,Q25714029 | enwiki:Jofra Archer
5673a3fc,Nathan McCullum,1980-09-01,New Zealand,right,right,spin,Right-arm off break,Q3531282 | enwiki:Nathan McCullum
56ab442f,Nathan Coulter-Nile,1987-10-11,Australia,right,right,pace,Right-arm fast,Q6968991 | enwiki:Nathan Coulter-Nile
5708d0b6,Apoorv Wankhade,1992-03-14,India,right,right,pace,Right-arm medium,Q28549328 | enwiki:Apoorv Wankhade
5724e517,Tanush Kotian,1998-10-16,India,right,right,spin,Right-arm off break,Q60194560 | enwiki:Tanush Kotian
5748e866,Tim Paine,1984-12-08,Australia,right,right,pace,Right-arm medium,Q7804091 | enwiki:Tim Paine
5750bcb4,Eshan Malinga,2001-02-04,Sri Lanka,left,right,pace,Right-arm medium-fast,Q128216812 | enwiki:Eshan Malinga
57ca01b3,Kumar Kushagra,2004-10-23,India,right,,,,Q105595817 | enwiki:Kumar Kushagra
57ee1fde,Yuzvendra Chahal,1990-07-23,India,right,right,spin,Right-arm leg break,Q8062264 | enwiki:Yuzvendra Chahal
57efa3be,Scott Styris,1975-07-10,New Zealand,right,right,pace,Right-arm medium,Q7437332 | enwiki:Scott Styris
59559bc2,Jamie Overton,1994-04-10,England,right,right,pace,Right-arm fast,Q6147319 | enwiki:Jamie Overton
5afd4539,Manvinder Bisla,1984-12-17,India,right,,,,Q6753256 | enwiki:Manvinder Bisla
5b040b81,Amit Singh,1981-06-21,India,right,right,pace,Right-arm medium-fast,Q4746883 | enwiki:Amit Singh (cricketer)
5b16a806,Akila Dananjaya,1993-10-04,Sri Lanka,left,right,spin,Right-arm off break,Q2829042 | enwiki:Akila Dananjaya
5b615e7c,Raghu Sharma,1993-03-11,India,right,right,spin,Right-arm leg break,Q41960200 | enwiki:Raghu Sharma (cricketer)
5b627626,Baba Aparajith,1994-07-08,India,right,right,spin,Right-arm off break,Q4837266 | enwiki:Baba Aparajith
5b7ab5a9,Varun Chakravarthy,1991-08-29,India,right,right,spin,Right-arm leg break,Q56678468 | enwiki:Varun Chakravarthy
5b8c830e,Krunal Pandya,1991-03-24,India,left,left,spin,Left-arm orthodox,Q20745147 | enwiki:Krunal Pandya
5bb1a1c4,Ishant Sharma,1988-09-02,India,right,right,pace,Right-arm fast-medium,Q3522062 | enwiki:Ishant Sharma
5bb5a915,Morné Morkel,1984-10-06,South Africa,left,right,pace,Right-arm fast,Q3518308 | enwiki:Morné Morkel
5bdcdb72,Tillakaratne Dilshan,1976-10-14,Sri Lanka,right,right,spin,Right-arm off break,Q2724503 | enwiki:Tillakaratne Dilshan
5d096f3d,Ramesh Powar,1978-05-20,India,right,right,spin,Right-arm off break,Q3530007 | enwiki:Ramesh Powar
5d1e7582,Kusal Mendis,1995-02-02,Sri Lanka,right,right,spin,Right-arm leg break,Q20745045 | enwiki:Kusal Mendis
5d2eea49,Kartik Tyagi,2000-11-08,India,right,right,pace,Right-arm fast,Q41652793 | enwiki:Kartik Tyagi
5d9a1a73,Rahul Sharma,1986-11-24,India,right,right,spin,Right-arm leg break,"Q1088902 | enwiki:Rahul Sharma (cricketer, born 1986)"
5f26df4f,Vikramjeet Malik,1983-05-09,India,right,right,pace,Right-arm medium,Q16222295 | enwiki:Vikramjeet Malik
5f4e9e8f,Rohan Raje,1986-09-03,India,right,right,pace,Right-arm fast-medium,Q20011580 | enwiki:Rohan Raje
5f547c8b,Rashid Khan,1998-09-20,Afghanistan,right,right,spin,Right-arm leg break,Q21621685 | enwiki:Rashid Khan
5f5d3ad4,Shoaib Shaikh,1987-01-18,India,right,right,pace,Right-arm medium,Q19898317 | enwiki:Shoaib Shaikh
5fa06777,Irfan Pathan,1984-10-27,India,left,left,pace,Left-arm medium-fast,Q1746795 | enwiki:Irfan Pathan
5ffc0565,Vipraj Nigam,,India,,right,spin,Right-arm leg break,manual
6042bf26,Nathan Rimmington,1982-11-11,Australia,right,right,pace,Right-arm fast-medium,Q6969307 | enwiki:Nathan Rimmington
60500956,Ripal Patel,1995-09-28,,right,right,pace,Right-arm medium,Q68427765 | enwiki:Ripal Patel
605b7efa,Manpreet Juneja,1990-09-12,India,right,right,spin,Right-arm off break,Q16224503 | enwiki:Manpreet Juneja
60aa2db3,,,,,,,,
611926bc,Graham Napier,1980-01-06,England,right,right,pace,Right-arm medium,Q5593094 | enwiki:Graham Napier
6165bca6,Abhinav Mukund,1990-01-06,India,left,right,spin,Right-arm leg break,Q4667439 | enwiki:Abhinav Mukund
619aa81f,Wasim Jaffer,1978-02-16,India,right,right,spin,Right-arm off break,Q3520728 | enwiki:Wasim Jaffer
62175638,Karim Janat,1998-08-11,Afghanistan,right,right,pace,Right-arm medium-fast,Q25915989 | enwiki:Karim Janat
622cc511,Uday Kaul,1987-12-02,India,left,,,,Q7876964 | enwiki:Uday Kaul
626c5379,Rajagopal Sathish,1981-01-14,India,right,right,pace,Right-arm medium,Q11056948 | enwiki:Rajagopal Sathish
62af8546,Mohammad Nabi,1985-01-01,Afghanistan,right,right,spin,Right-arm off break,Q1600257 | enwiki:Mohammad Nabi
62e07f92,Kedar Devdhar,1989-12-14,India,right,,,,Q6382526 | enwiki:Kedar Devdhar
63bff7f9,Shane Harwood,1974-03-01,Australia,right,right,pace,Right-arm fast-medium,Q7488091 | enwiki:Shane Harwood
641ac5ff,Ish Sodhi,1992-10-31,New Zealand,right,right,spin,Right-arm leg break,Q16225579 | enwiki:Ish Sodhi
64775749,Riley Meredith,1996-06-21,Australia,right,right,pace,Right-arm fast,Q28167145 | enwiki:Riley Meredith
64839cb3,Matheesha Pathirana,2002-01-01,Sri Lanka,right,right,pace,Right-arm fast,Q108196357 | enwiki:Matheesha Pathirana
64a4c383,Sridharan Sriram,1976-02-21,India,left,left,spin,Left-arm orthodox,Q3528888 | enwiki:Sridharan Sriram
64c34cd0,Shoaib Malik,1982-02-01,Pakistan,right,right,spin,Right-arm off break,Q3518507 | enwiki:Shoaib Malik
64d43928,Sohail Tanvir,1984-12-12,Pakistan,left,left,pace,Left-arm medium-fast,Q3535548 | enwiki:Sohail Tanvir
650d5e49,Rovman Powell,1993-07-23,West Indies,right,right,pace,Right-arm medium-fast,Q22279728 | enwiki:Rovman Powell
6581d753,Justin Kemp,1977-10-02,South Africa,right,right,pace,Right-arm medium,Q6317772 | enwiki:Justin Kemp
65b6943c,Luke Wood,1995-08-02,England,left,left,pace,Left-arm fast-medium,Q21061579 | enwiki:Luke Wood (cricketer)
662c47a6,Yogesh Nagar,1990-01-06,India,right,right,spin,Right-arm off break,Q8054376 | enwiki:Yogesh Nagar
663b5e34,Prerak Mankad,1994-03-23,India,right,right,pace,Right-arm medium,Q23008128 | enwiki:Prerak Mankad
66b30f71,Ashok Dinda,1984-03-25,India,right,right,pace,Right-arm fast-medium,Q3006943 | enwiki:Ashok Dinda
66cf56a5,Abhimanyu Mithun,1989-10-25,India,right,right,pace,Right-arm fast-medium,Q4667423 | enwiki:Abhimanyu Mithun
670709ec,Sunil Joshi,1970-06-06,India,left,left,spin,Left-arm orthodox,Q3528506 | enwiki:Sunil Joshi
67af6f81,Ray Price,1976-06-12,Zimbabwe,right,left,spin,Left-arm orthodox,Q7297987 | enwiki:Ray Price (cricketer)
6821ac10,Johan van der Wath,1978-01-10,South Africa,right,right,pace,Right-arm fast-medium,Q2600294 | enwiki:Johan van der Wath
6834d1f2,Billy Stanlake,1994-11-04,Australia,left,right,pace,Right-arm fast,Q21622952 | enwiki:Billy Stanlake
68c56d09,Kyle Jamieson,1994-12-30,New Zealand,right,right,pace,Right-arm fast-medium,Q20631289 | enwiki:Kyle Jamieson
69762509,Damien Martyn,1971-10-21,Australia,right,right,pace,Right-arm medium,Q5212475 | enwiki:Damien Martyn
69be866a,Anureet Singh,1988-03-02,India,right,right,pace,Right-arm medium-fast,Q4777899 | enwiki:Anureet Singh
69d03465,Alex Carey,1991-08-27,Australia,left,,,,Q24005538 | enwiki:Alex Carey
6a26221c,Aiden Markram,1994-10-04,South Africa,right,right,spin,Right-arm off break,Q16236328 | enwiki:Aiden Markram
6ab96cc2,Sonu Yadav,1999-11-11,,,,,,Q104772855 | enwiki:Sonu Yadav
6ad3a659,Palani Amarnath,1982-06-01,India,right,right,pace,Right-arm medium,Q7126706 | enwiki:Palani Amarnath
6aed7e79,Pravin Tambe,1971-10-08,India,right,right,spin,Right-arm leg break,Q16213801 | enwiki:Pravin Tambe
6afb26d6,Mohnish Mishra,1984-02-09,India,right,right,spin,Right-arm off break,Q6894265 | enwiki:Mohnish Mishra
6b19d823,Amit Mishra,1982-11-24,India,right,right,spin,Right-arm leg break,Q3520722 | enwiki:Amit Mishra
6b2ff18f,Shubham Dubey,1994-08-27,India,left,right,spin,Right-arm off break,Q105624244 | enwiki:Shubham Dubey | manual
6b71e6cf,Kumar Sangakkara,1977-10-27,Sri Lanka,left,right,spin,Right-arm off break,Q737645 | enwiki:Kumar Sangakkara
6b8eb6e5,S. Sreesanth,1983-02-06,India,right,right,pace,Right-arm fast-medium,Q3520276 | enwiki:S. Sreesanth
6c19c6e5,Yashasvi Jaiswal,2001-12-28,India,left,right,spin,Right-arm leg break,Q57586376 | enwiki:Yashasvi Jaiswal
6c6591ab,Pragyan Ojha,1986-09-05,India,left,left,spin,Left-arm orthodox,Q3526661 | enwiki:Pragyan Ojha
6c79c098,David Payne,1991-02-15,England,right,left,pace,Left-arm fast-medium,Q5238457 | enwiki:David Payne (cricketer)
6c882e9a,Bhanuka Rajapaksa,1991-10-24,Sri Lanka,left,right,pace,Right-arm medium,Q4901051 | enwiki:Bhanuka Rajapaksa
6dbcf855,Vijay Zol,1994-11-23,India,left,right,spin,Right-arm off break,Q7929218 | enwiki:Vijay Zol
6eb146d2,Gurkeerat Singh,1990-06-29,India,right,right,spin,Right-arm off break,Q5620114 | enwiki:Gurkeerat Singh
6ec424a9,Nayan Doshi,1978-10-06,England,right,left,spin,Left-arm orthodox,Q6983092 | enwiki:Nayan Doshi
6ef60d3a,Kamran Khan,1991-03-10,India,left,left,pace,Left-arm fast-medium,Q3528423 | enwiki:Kamran Khan (Indian cricketer)
6f49cc6e,Shivam Sharma,1993-09-09,India,right,right,spin,Right-arm off break,Q17089717 | enwiki:Shivam Sharma
7023d182,Arindam Ghosh,1986-10-19,India,right,right,pace,Right-arm medium,Q19891566 | enwiki:Arindam Ghosh (cricketer)
7050a1e7,Debabrata Das,1986-09-22,India,right,,,,Q5247810 | enwiki:Debabrata Das
709b0bac,Saurabh Tiwary,1989-12-30,India,left,right,spin,Right-arm off break,Q3528835 | enwiki:Saurabh Tiwary
70d205c9,Ambati Rayudu,1985-09-23,India,right,right,spin,Right-arm off break,Q3520403 | enwiki:Ambati Rayudu
710dd98c,Morné van Wyk,1979-03-20,South Africa,right,left,spin,Left-arm orthodox,Q3530686 | enwiki:Morné van Wyk
7210d461,Yash Dayal,1997-12-13,India,right,left,pace,Left-arm fast-medium,Q56690540 | enwiki:Yash Dayal
725529bc,Sourav Ganguly,1972-07-08,India,left,right,pace,Right-arm medium,Q561487 | enwiki:Sourav Ganguly
72861603,Graeme Smith,1981-02-01,South Africa,left,right,spin,Right-arm off break,Q1427233 | enwiki:Graeme Smith
73ad96ed,Deepak Hooda,1995-04-19,India,right,right,spin,Right-arm off break,Q18637468 | enwiki:Deepak Hooda
73c18486,Kyle Mayers,1992-09-08,West Indies,left,right,pace,Right-arm medium,Q6451285 | enwiki:Kyle Mayers
740742ef,Rohit Sharma,1987-04-30,India,right,right,spin,Right-arm off break,Q3520045 | enwiki:Rohit Sharma
75224f22,Keemo Paul,1998-02-21,West Indies,right,right,pace,Right-arm fast-medium,Q22007353 | enwiki:Keemo Paul
752f7486,Ishan Kishan,1998-07-18,India,left,right,spin,Right-arm leg break,Q21621705 | enwiki:Ishan Kishan
756389bd,Vidyut Sivaramakrishnan,1981-12-03,India,left,left,spin,Left-arm orthodox,Q7928239 | enwiki:Vidyut Sivaramakrishnan
759ac88f,Mohit Sharma,1988-09-18,India,right,right,pace,Right-arm fast-medium,Q6894216 | enwiki:Mohit Sharma
75de770f,Tatenda Taibu,1983-05-14,Zimbabwe,right,right,pace,Right-arm medium,Q3529883 | enwiki:Tatenda Taibu
76388dc8,Samuel Badree,1981-03-09,West Indies,right,right,spin,Right-arm leg break,Q7410848 | enwiki:Samuel Badree
765a4731,Mukesh Choudhary,1986-07-06,India,left,left,pace,Left-arm medium,Q43388505 | enwiki:Mukesh Choudhary
77255a9e,Rahul Tripathi,1991-03-02,India,right,right,pace,Right-arm medium,Q21623163 | enwiki:Rahul Tripathi
77b1aa15,Harshit Rana,2001-12-22,India,right,right,pace,Right-arm fast,Q111917947 | enwiki:Harshit Rana
78eb4223,Kemar Roach,1988-06-30,West Indies,right,right,pace,Right-arm fast-medium,Q3043070 | enwiki:Kemar Roach
798934ea,C. Ganapathy,1981-06-10,India,right,right,pace,Right-arm medium,Q5006467 | enwiki:Chandrasekar Ganapathy
798cc28e,KM Asif,1993-07-24,India,right,right,pace,Right-arm medium,Q47508041 | enwiki:KM Asif
7a8bd078,Shreyas Gopal,1993-09-04,India,right,right,spin,Right-arm leg break,Q16228274 | enwiki:Shreyas Gopal
7b44eb3e,,,,,,,,
7b679de5,Kartik Sharma,2006-04-26,India,right,,,,Q137576960 | enwiki:Kartik Sharma
7bb62642,Anirudh Singh,1980-08-02,India,left,,,,Q24005683 | enwiki:Anirudh Singh (cricketer)
7bf96684,Owais Shah,1978-10-22,England,right,right,spin,Right-arm off break,Q6831317 | enwiki:Owais Shah
7c390b03,,,,,,,,
7c3b3b78,Vaibhav Arora,1997-12-14,India,right,right,pace,Right-arm medium-fast,Q77932286 | enwiki:Vaibhav Arora
7c3c0337,Auqib Nabi,1996-11-04,India,right,right,pace,Right-arm medium,Q56702420 | enwiki:Auqib Nabi
7c503806,Johan Botha,1982-05-02,South Africa,right,right,spin,Right-arm off break,Q3531334 | enwiki:Johan Botha (cricketer)
7c7d63a2,Andrew Tye,1986-12-12,Australia,right,right,pace,Right-arm medium-fast,Q18352272 | enwiki:Andrew Tye
7ca5e05d,Ravi Bopara,1985-05-04,England,right,right,pace,Right-arm medium,Q3630191 | enwiki:Ravi Bopara
7d3720ba,Rajoo Bhatkal,1985-09-01,India,right,right,pace,Right-arm medium,Q7286371 | enwiki:Raju Bhatkal
7d3937ed,Dominic Thornely,1978-10-01,Australia,right,right,pace,Right-arm medium,Q5290661 | enwiki:Dominic Thornely
7d415ea5,Ricky Ponting,1974-12-19,Australia,right,right,pace,Right-arm medium,Q472649 | enwiki:Ricky Ponting
7d92277a,Mujeeb Ur Rahman,2001-03-28,Afghanistan,right,right,spin,Right-arm off break,Q35780586 | enwiki:Mujeeb Ur Rahman
7daedf2f,Arun Karthik,1994-05-25,India,right,right,spin,Right-arm leg break,Q4802102 | enwiki:Arun Karthik
7dc35884,Shakib Al Hasan,1987-03-24,Bangladesh,left,left,spin,Left-arm orthodox,Q266104 | enwiki:Shakib Al Hasan
7dcb9bc9,Shahrukh Khan,1995-05-27,India,right,right,spin,Right-arm off break,Q60735705 | enwiki:Shahrukh Khan (cricketer)
7eae4418,Misbah-ul-Haq,1974-05-28,Pakistan,right,right,spin,Right-arm leg break,Q2564848 | enwiki:Misbah-ul-Haq
7f048519,David Willey,1990-02-28,England,left,left,pace,Left-arm fast-medium,Q5241102 | enwiki:David Willey (cricketer)
800d2d97,Jitesh Sharma,1993-10-22,India,right,,,,Q21622841 | enwiki:Jitesh Sharma
808f425a,James Faulkner,1990-04-29,Australia,right,left,pace,Left-arm fast-medium,Q4021718 | enwiki:James Faulkner (cricketer)
80b2fb19,Prince Yadav,2001-12-12,India,right,right,pace,Right-arm fast,Q135225700 | enwiki:Prince Yadav
81049310,Jayant Yadav,1990-01-22,India,right,right,spin,Right-arm off break,Q19571971 | enwiki:Jayant Yadav
81c08fa3,Umran Malik,1999-11-22,India,right,right,pace,Right-arm fast,Q104884154 | enwiki:Umran Malik
81c36ee9,Marco Jansen,2000-05-01,South Africa,right,left,pace,Left-arm fast,Q51625991 | enwiki:Marco Jansen
8291f939,Ashok Menaria,1990-10-29,India,left,left,spin,Left-arm orthodox,Q4805769 | enwiki:Ashok Menaria
82c10dac,,,,,,,,
8361e524,Sisanda Magala,1991-01-07,South Africa,right,right,pace,Right-arm fast-medium,Q20981693 | enwiki:Sisanda Magala
83c3e8e3,Spencer Johnson,1995-12-16,Australia,left,left,pace,Left-arm fast,Q42289499 | enwiki:Spencer Johnson (cricketer)
844e79d1,Dewald Brevis,2003-04-29,South Africa,right,right,spin,Right-arm leg break,Q109616277 | enwiki:Dewald Brevis
84d9c311,Ashutosh Sharma,1998-09-15,India,right,right,pace,Right-arm medium,Q48733430 | enwiki:Ashutosh Sharma (cricketer)
855a210c,Aditya Tare,1987-11-07,India,right,,,,Q4683090 | enwiki:Aditya Tare
85aae393,Iqbal Abdulla,1989-12-02,India,left,left,spin,Left-arm orthodox,Q6065725 | enwiki:Iqbal Abdulla
85b3fab2,Tristan Stubbs,2000-08-14,South Africa,right,right,spin,Right-arm off break,Q82987433 | enwiki:Tristan Stubbs
85e0cf10,Prasidh Krishna,1996-02-19,India,right,right,pace,Right-arm fast-medium,Q21621739 | enwiki:Prasidh Krishna
85ec8e33,Shreyas Iyer,1994-12-06,India,right,right,spin,Right-arm leg break,Q18705305 | enwiki:Shreyas Iyer
864c199e,Adam Voges,1979-10-04,Australia,right,left,spin,Left-arm orthodox,Q2735530 | enwiki:Adam Voges
86ae8ef2,Monish Parmar,1988-04-12,India,,,,,Q16225088 | enwiki:Monish Parmar
86dc8f2e,Jacques Kallis,1975-10-16,South Africa,right,right,pace,Right-arm fast-medium,Q982650 | enwiki:Jacques Kallis
871e9faf,Basil Thampi,1993-09-11,India,right,right,pace,Right-arm fast-medium,Q27306270 | enwiki:Basil Thampi
872b03f7,Ayush Badoni,1999-12-03,India,right,right,spin,Right-arm off break,Q104775951 | enwiki:Ayush Badoni | manual
87e562a9,Dwayne Bravo,1983-10-07,West Indies,right,right,pace,Right-arm medium-fast,Q3038629 | enwiki:Dwayne Bravo
881a9bdd,Shivnarine Chanderpaul,1974-08-16,West Indies,left,right,spin,Right-arm leg break,Q967484 | enwiki:Shivnarine Chanderpaul
888e32bf,Abdur Razzak,1982-06-15,Bangladesh,left,left,spin,Left-arm orthodox,Q3348179 | enwiki:Abdur Razzak (cricketer)
88fccd6c,Shaun Pollock,1973-07-16,South Africa,right,right,pace,Right-arm fast-medium,Q12454494 | enwiki:Shaun Pollock
890946a0,Naman Ojha,1983-07-20,India,right,,,,Q6961274 | enwiki:Naman Ojha
890de8cb,Gagandeep Singh,,,,,,,"Q60735678 | enwiki:Gagandeep Singh (cricketer, born 1981)"
896d78ad,Angelo Mathews,1987-06-02,Sri Lanka,right,right,pace,Right-arm medium,Q3531300 | enwiki:Angelo Mathews
8998a68f,Sumit Kumar,1995-12-12,India,right,right,pace,Right-arm medium-fast,Q85804037 | enwiki:Sumit Kumar (Haryana cricketer)
89f64c19,Lendl Simmons,1985-01-25,West Indies,right,right,pace,Right-arm fast-medium,Q13120876 | enwiki:Lendl Simmons
8a668774,Shoaib Ahmed,1987-11-19,India,right,right,pace,Right-arm fast-medium,Q24005681 | enwiki:Shoaib Ahmed (Indian cricketer)
8abdf100,Corey Anderson,1990-12-13,New Zealand,left,left,pace,Left-arm medium-fast,Q5170329 | enwiki:Corey Anderson (cricketer)
8ac93ca2,Prashant Chopra,1992-10-07,India,right,right,spin,Right-arm leg break,Q16234456 | enwiki:Prashant Chopra
8b3e9c7c,Prithvi Shaw,1999-11-09,India,right,right,spin,Right-arm off break,Q16240331 | enwiki:Prithvi Shaw
8b5b6769,Harbhajan Singh,1980-07-03,India,right,right,spin,Right-arm off break,Q9475 | enwiki:Harbhajan Singh
8b9704ae,Love Ablish,1982-12-03,India,right,right,pace,Right-arm medium,Q6690300 | enwiki:Love Ablish
8ba8195d,Virender Sehwag,1978-10-20,India,right,right,spin,Right-arm off break,Q3345479 | enwiki:Virender Sehwag
8cf9814c,Mohammed Shami,1990-03-09,India,right,right,pace,Right-arm fast,Q7487531 | enwiki:Mohammed Shami
8d2c70ad,Kuldeep Yadav,1994-12-14,India,left,left,spin,Left-arm wrist spin,Q16225904 | enwiki:Kuldeep Yadav
8d92a2c3,Mark Wood,1990-01-11,England,right,right,pace,Right-arm fast,Q6770412 | enwiki:Mark Wood (cricketer)
8db7f47f,Reece Topley,1994-02-12,England,right,left,pace,Left-arm fast-medium,Q7306588 | enwiki:Reece Topley
8dc152d1,Duan Jansen,2000-05-01,South Africa,right,left,pace,Left-arm fast,Q60582049 | enwiki:Duan Jansen
8e514b4c,Abdul Samad,2001-01-01,India,right,right,spin,Right-arm leg break,Q61788067 | enwiki:Abdul Samad (Indian cricketer) | manual
8ee36b18,Pathum Nissanka,1998-05-18,Sri Lanka,right,,,,Q29210519 | enwiki:Pathum Nissanka
8f6dd463,Azmatullah Omarzai,2000-03-24,Afghanistan,right,right,pace,Right-arm fast-medium,Q35782848 | enwiki:Azmatullah Omarzai
8fd1a8f5,Dale Steyn,1983-06-27,South Africa,right,right,pace,Right-arm fast,Q3531671 | enwiki:Dale Steyn
9061a703,Joshua Little,1999-11-01,Ireland,right,left,pace,Left-arm fast,Q26838122 | enwiki:Josh Little
90de905a,Krishnappa Gowtham,1988-10-20,India,right,right,spin,Right-arm off break,Q21285166 | enwiki:Krishnappa Gowtham
90edaaa9,Sachin Rana,1984-09-18,India,right,right,pace,Right-arm fast-medium,Q7396745 | enwiki:Sachin Rana
9170ff49,Parvez Rasool,1989-02-13,India,right,right,spin,Right-arm off break,Q7141318 | enwiki:Parvez Rasool
919a3be2,Rishabh Pant,1997-10-04,India,left,right,pace,Right-arm medium,Q21622311 | enwiki:Rishabh Pant
91a4a398,Zaheer Khan,1978-10-07,India,right,left,pace,Left-arm fast-medium,Q2508461 | enwiki:Zaheer Khan
91b9300b,Udit Birla,1989-11-17,India,right,right,pace,Right-arm medium,Q16199317 | enwiki:Udit Birla
91ffa6c6,Jesse Ryder,1984-08-06,New Zealand,left,right,pace,Right-arm medium,Q3531169 | enwiki:Jesse Ryder
9219eff0,James Neesham,1990-09-17,New Zealand,left,right,pace,Right-arm medium-fast,Q15769329 | enwiki:James Neesham
92500ad5,Sushant Mishra,2000-12-23,,left,left,pace,Left-arm medium-fast,Q109986898 | enwiki:Sushant Mishra
926c7443,,,,,,,,
92aeac25,Alex Hales,1989-01-03,England,right,right,pace,Right-arm medium,Q4717118 | enwiki:Alex Hales
9385de2e,Suyash Prabhudessai,1997-12-06,India,right,right,pace,Right-arm medium,Q28861584 | enwiki:Suyash Prabhudessai
93a17209,Yo Mahesh,1987-12-21,India,right,right,pace,Right-arm medium-fast,Q8054126 | enwiki:Yo Mahesh
93b4fc78,Manish Pandey,1989-09-10,India,right,right,pace,Right-arm medium,Q11027874 | enwiki:Manish Pandey
9418198b,Simran Singh,2000-08-10,India,right,,,,Q60048550 | enwiki:Prabhsimran Singh | manual
94253925,Hanuma Vihari,1993-10-13,India,right,right,spin,Right-arm off break,Q5651344 | enwiki:Hanuma Vihari
943fd425,Ishan Malhotra,1984-05-22,India,right,right,pace,Right-arm medium-fast,Q6079977 | enwiki:Ishan Malhotra
9440ef41,Suyash Sharma,2003-05-15,India,right,right,spin,Right-arm leg break,Q117459488 | enwiki:Suyash Sharma | manual
944533a5,Karun Nair,1991-12-06,India,right,right,spin,Right-arm off break,Q6373656 | enwiki:Karun Nair
94bc776b,Doddapaneni Kalyankrishna,1983-12-16,India,right,right,pace,Right-arm medium-fast,Q5287754 | enwiki:Doddapaneni Kalyankrishna
94d7f855,Colin de Grandhomme,1986-07-22,New Zealand,right,right,pace,Right-arm medium-fast,Q5145709 | enwiki:Colin de Grandhomme
94eac556,Clint McKay,1983-02-22,Australia,right,right,pace,Right-arm fast-medium,Q5133987 | enwiki:Clint McKay
957532de,Sreenath Aravind,1984-04-08,India,left,left,pace,Left-arm medium-fast,Q7585718 | enwiki:Sreenath Aravind
95a2ea61,Anirudha Srikkanth,1987-04-14,India,right,,,,Q3529383 | enwiki:Anirudha Srikkanth
9601c534,Siddhesh Lad,1992-05-23,India,right,right,spin,Right-arm off break,Q16224629 | enwiki:Siddhesh Lad
96fd40ae,Ashish Nehra,1979-04-29,India,right,left,pace,Left-arm fast,Q3522120 | enwiki:Ashish Nehra
970ddd24,Suryansh Shedge,2003-01-29,India,right,right,pace,Right-arm medium,Q131612442 | enwiki:Suryansh Shedge
97290faf,Shamar Joseph,1999-08-31,West Indies,left,right,pace,Right-arm fast,Q123668847 | enwiki:Shamar Joseph
983f2f61,Swapnil Singh,1991-01-22,India,right,left,spin,Left-arm orthodox,Q21063151 | enwiki:Swapnil Singh
9868bc75,Jeevan Mendis,1983-01-15,Sri Lanka,left,right,spin,Right-arm leg break,Q3531176 | enwiki:Jeevan Mendis
989889ff,Josh Inglis,1995-03-04,Australia,right,,,,Q21621530 | enwiki:Josh Inglis
98ae73b1,Piyush Chawla,1988-12-24,India,left,right,spin,Right-arm leg break,Q3521395 | enwiki:Piyush Chawla
99258814,Gurnoor Brar,2000-05-25,India,left,right,pace,Right-arm fast,Q118125232 | enwiki:Gurnoor Brar
9948e262,Rassie van der Dussen,1989-02-07,South Africa,right,right,spin,Right-arm leg break,Q21872793 | enwiki:Rassie van der Dussen
99b202b3,Ajit Chandila,1983-12-05,India,right,right,spin,Right-arm off break,Q4699777 | enwiki:Ajit Chandila
99b75528,Jos Buttler,1990-09-08,England,right,,,,Q6279104 | enwiki:Jos Buttler
99d63244,Kedar Jadhav,1985-03-26,India,right,right,spin,Right-arm off break,Q6382528 | enwiki:Kedar Jadhav
99ed60f8,Javon Searles,1986-12-21,Barbados,right,right,pace,Right-arm fast-medium,Q6165809 | enwiki:Javon Searles
9a0146b3,Pardeep Sahu,1985-08-21,India,right,right,spin,Right-arm leg break,Q23883404 | enwiki:Pardeep Sahu
9a158001,Azhar Mahmood,1975-02-28,Pakistan,right,right,pace,Right-arm medium-fast,Q3535281 | enwiki:Azhar Mahmood
9a46c4e5,Glenn Phillips,1996-12-06,New Zealand,right,right,spin,Right-arm off break,Q22007419 | enwiki:Glenn Phillips (cricketer)
9a5f2863,,,,,,,,
9a963804,Liam Plunkett,1985-04-06,England,right,right,pace,Right-arm fast-medium,Q3526393 | enwiki:Liam Plunkett
9ab63e7b,Mohammad Hafeez,1980-10-17,Pakistan,right,right,spin,Right-arm off break,Q3535271 | enwiki:Mohammad Hafeez
9b4935c8,Callum Ferguson,1984-11-21,Australia,right,right,pace,Right-arm medium,Q3521922 | enwiki:Callum Ferguson
9b6e1b3f,Jake Fraser-McGurk,2002-11-11,Australia,right,right,spin,Right-arm leg break,Q74691629 | enwiki:Jake Fraser-McGurk
9ca68676,Allah Mohammad Ghazanfar,2007-01-01,Afghanistan,right,right,spin,Right-arm off break,Q115733297 | enwiki:Allah Ghazanfar
9caf69a1,Will Jacks,1998-11-21,England,right,right,spin,Right-arm off break,Q51879484 | enwiki:Will Jacks
9d430b40,Sunil Narine,1989-05-26,West Indies,left,right,spin,Right-arm off break,Q7640331 | enwiki:Sunil Narine
9d704f6f,Shams Mulani,1997-03-13,India,left,left,spin,Left-arm orthodox,Q47186703 | enwiki:Shams Mulani
9d80c5e1,Shahbaz Nadeem,1989-08-01,India,right,left,spin,Left-arm orthodox,Q7461486 | enwiki:Shahbaz Nadeem
9e6032fa,,,,,,,,
9e7225b0,Saurav Chauhan,2000-01-01,,,,,,Q125133981
9eb1455b,Nathan Ellis,1994-09-22,Australia,right,right,pace,Right-arm fast-medium,Q56883327 | enwiki:Nathan Ellis
9f77963a,Gulbudeen Naib,1991-06-14,Afghanistan,right,right,pace,Right-arm fast-medium,Q3232386 | enwiki:Gulbadin Naib
9f961c14,Joginder Sharma,1983-10-23,India,right,right,pace,Right-arm fast-medium,Q3520605 | enwiki:Joginder Sharma
9fc0ef64,Pradeep Sangwan,1990-11-05,India,right,left,pace,Left-arm medium,Q3528207 | enwiki:Pradeep Sangwan
9ff100a6,Rohan Gavaskar,1976-02-20,India,left,left,spin,Left-arm orthodox,Q3349954 | enwiki:Rohan Gavaskar
a03bba42,Tabraiz Shamsi,1990-02-18,South Africa,right,left,spin,Left-arm wrist spin,Q18387474 | enwiki:Tabraiz Shamsi
a12e1d51,Lasith Malinga,1983-08-28,Sri Lanka,right,right,pace,Right-arm fast,Q2312779 | enwiki:Lasith Malinga
a1d053dd,Sheldon Cottrell,1989-08-19,West Indies,right,left,pace,Left-arm fast-medium,Q16204822 | enwiki:Sheldon Cottrell
a1d95bd8,Lizaad Williams,1993-10-01,South Africa,left,right,pace,Right-arm medium-fast,Q6660453 | enwiki:Lizaad Williams
a1f1829d,Karan Goel,1986-12-24,India,left,right,pace,Right-arm medium,Q6368383 | enwiki:Karan Goel
a24be938,Venkatesh Iyer,1990-11-25,India,left,right,pace,Right-arm medium,Q23007839 | enwiki:Venkatesh Iyer
a2870fb7,Niraj Patel,1981-03-26,India,left,,,,Q7039865 | enwiki:Niraj Patel
a2f46292,Khaleel Ahmed,1997-12-05,India,right,left,pace,Left-arm fast-medium,Q28673896 | enwiki:Khaleel Ahmed
a316d663,Hardus Viljoen,1989-03-06,South Africa,right,right,pace,Right-arm fast,Q16225771 | enwiki:Hardus Viljoen
a343262c,Joe Root,1990-12-30,England,right,right,spin,Right-arm off break,Q3180174 | enwiki:Joe Root
a386e91b,Paul Collingwood,1976-05-26,England,right,right,pace,Right-arm medium,Q983731 | enwiki:Paul Collingwood
a3b0600d,Aniket Verma,2002-02-05,India,right,right,pace,Right-arm medium-fast,Q133820516 | enwiki:Aniket Verma
a3ecf01f,Reetinder Singh Sodhi,1980-10-18,India,right,right,pace,Right-arm medium-fast,Q7307033 | enwiki:Reetinder Singh Sodhi
a457cfb5,Mayank Dagar,1996-11-11,India,right,left,spin,Left-arm orthodox,Q22958890 | enwiki:Mayank Dagar
a45a5e8d,Abhishek Nayar,1983-10-08,India,left,right,pace,Right-arm medium,Q320626 | enwiki:Abhishek Nayar
a4cc73aa,Sanju Samson,1994-11-11,India,right,right,spin,Right-arm off break,Q7418593 | enwiki:Sanju Samson
a4e37e47,Shivam Dube,1993-06-26,India,left,right,pace,Right-arm medium,Q28561470 | enwiki:Shivam Dube
a757b0d8,Kieron Pollard,1987-05-12,West Indies,right,right,pace,Right-arm medium,Q3530594 | enwiki:Kieron Pollard
a76d10ba,Tanmay Srivastava,1989-11-07,India,left,right,pace,Right-arm medium,Q7683599 | enwiki:Tanmay Srivastava
a7c226e1,Fidel Edwards,1982-02-06,West Indies,right,right,pace,Right-arm fast,Q5446730 | enwiki:Fidel Edwards
a818c1be,Trent Boult,1989-07-22,New Zealand,right,left,pace,Left-arm fast-medium,Q12053380 | enwiki:Trent Boult
a84468fe,Davy Jacobs,1982-11-04,South Africa,right,right,pace,Right-arm medium,Q3524959 | enwiki:Davy Jacobs
a90e53ec,Matthew Short,1995-11-08,Australia,right,right,spin,Right-arm off break,Q18128002 | enwiki:Matthew Short
a97c8ec2,Wanindu Hasaranga,1997-07-29,Sri Lanka,right,right,spin,Right-arm leg break,Q22004824 | enwiki:Wanindu Hasaranga
a9da7784,Kyle Abbott,1987-06-18,South Africa,right,right,pace,Right-arm fast-medium,Q6451022 | enwiki:Kyle Abbott (cricketer)
a9fd84fb,Mayank Markande,1997-11-11,India,right,right,spin,Right-arm leg break,Q47490298 | enwiki:Mayank Markande
aa5d8c9e,Abhijeet Tomar,1995-03-14,India,,,,,Q47104447 | enwiki:Abhijeet Tomar
aa8d28ae,David Wiese,1985-05-18,South Africa,right,right,pace,Right-arm medium-fast,Q5241054 | enwiki:David Wiese
aaa1b522,Tirumalasetti Suman,1983-12-15,India,right,right,spin,Right-arm off break,Q7809346 | enwiki:Tirumalasetti Suman
aad0c365,Nitish Kumar Reddy,2003-05-26,India,right,right,pace,Right-arm medium-fast,Q83784638 | enwiki:Nitish Kumar Reddy
ab89348d,Farveez Maharoof,1984-09-07,Sri Lanka,right,right,pace,Right-arm fast-medium,Q3534173 | enwiki:Farveez Maharoof
abb83e27,Jonny Bairstow,1989-09-26,England,right,,,,Q3183593 | enwiki:Jonny Bairstow
abfeb126,Murali Kartik,1976-09-11,India,left,left,spin,Left-arm orthodox,Q3520597 | enwiki:Murali Kartik
ac5ae4af,Isuru Udana,1988-02-17,Sri Lanka,right,left,pace,Left-arm medium,Q3529737 | enwiki:Isuru Udana
acc1aeda,Sheldon Jackson,1986-09-27,India,right,right,spin,Right-arm off break,Q7493516 | enwiki:Sheldon Jackson (cricketer)
acd4f5dc,Paidikalva Vijaykumar,1986-10-20,India,,,,,Q21285643 | enwiki:Paidikalva Vijaykumar
acdc62f5,Anrich Nortje,1993-11-16,South Africa,right,right,pace,Right-arm fast,Q27049102 | enwiki:Anrich Nortje
acee4cc4,Imran Tahir,1979-03-27,South Africa,right,right,spin,Right-arm leg break,Q3530644 | enwiki:Imran Tahir
ad3b6e95,Abishek Porel,2002-10-17,India,left,,,,Q123570905 | enwiki:Abishek Porel
ad427b5c,Lalit Yadav,1997-01-03,India,right,right,spin,Right-arm off break,Q61453627 | enwiki:Lalit Yadav (Delhi cricketer)
ad9c32a2,Dawid Malan,1987-09-03,England,left,right,spin,Right-arm leg break,Q5242349 | enwiki:Dawid Malan
ada15e88,Peter Handscomb,1991-04-26,Australia,right,right,spin,Right-arm off break,Q7174504 | enwiki:Peter Handscomb
addbde6c,Nitin Saini,1988-10-28,India,right,,,,Q7041314 | enwiki:Nitin Saini
addfb70e,Shaun Tait,1983-02-22,Australia,right,right,pace,Right-arm fast,Q3107510 | enwiki:Shaun Tait
ade90de7,Sudhesan Midhun,1994-10-07,India,right,right,spin,Right-arm leg break,Q47544120 | enwiki:Sudhesan Midhun
ae091d39,Swapnil Asnodkar,1984-03-29,India,right,right,spin,Right-arm off break,Q3527427 | enwiki:Swapnil Asnodkar
ae78bc32,Manpreet Gony,1984-01-04,India,right,right,pace,Right-arm medium,Q3520524 | enwiki:Manpreet Gony
aedc3b7c,Nikhil Naik,1994-11-09,India,right,,,,Q19894383 | enwiki:Nikhil Naik
af2c687b,Colin Munro,1987-03-11,New Zealand,left,right,pace,Right-arm medium-fast,Q5145435 | enwiki:Colin Munro
af7dadf7,Balachandra Akhil,1985-03-26,India,right,right,pace,Right-arm medium-fast,Q4849735 | enwiki:Balachandra Akhil
afa7e784,Matthew Wade,1987-12-26,Australia,left,right,pace,Right-arm medium,Q3299813 | enwiki:Matthew Wade
afe3355a,Ankit Bawne,1992-12-17,India,right,right,spin,Right-arm off break,Q4766063 | enwiki:Ankit Bawne
b0482a1d,Tilak Varma,2002-11-08,India,left,right,spin,Right-arm off break,Q60286914 | enwiki:Tilak Varma
b0946605,Alzarri Joseph,1996-11-20,West Indies,right,right,pace,Right-arm fast,Q22005697 | enwiki:Alzarri Joseph
b0c772ee,Brad Haddin,1977-10-23,Australia,right,,,,Q2923403 | enwiki:Brad Haddin
b0f2baf4,Sanvir Singh,1996-10-12,India,right,right,pace,Right-arm medium,Q56809238 | enwiki:Sanvir Singh
b1451597,Laxmi Ratan Shukla,1981-05-06,India,right,right,pace,Right-arm medium-fast,Q6505234 | enwiki:Laxmi Ratan Shukla
b17e2f24,KL Rahul,1992-04-18,India,right,,,,Q6668646 | enwiki:KL Rahul
b1ad996b,Mayank Yadav,2002-06-17,India,right,right,pace,Right-arm fast,Q117467395 | enwiki:Mayank Yadav
b2570b38,Raiphi Gomez,1985-10-16,India,right,right,pace,Right-arm fast-medium,Q7285033 | enwiki:Raiphi Gomez
b274dbbd,Eklavya Dwivedi,1988-07-22,India,right,,,,Q5350496 | enwiki:Eklavya Dwivedi
b2a79f17,Ben Laughlin,1982-10-03,Australia,right,right,pace,Right-arm fast-medium,Q4886040 | enwiki:Ben Laughlin (cricketer)
b2ae53f5,Thilan Thushara,1981-03-01,Sri Lanka,left,left,pace,Left-arm fast-medium,Q3530707 | enwiki:Thilan Thushara
b2b23612,Ronit More,1992-02-11,India,right,right,pace,Right-arm medium-fast,Q16234833 | enwiki:Ronit More
b2b4f545,Ayush Mhatre,2007-07-16,India,right,right,spin,Right-arm off break,Q131360471 | enwiki:Ayush Mhatre
b2b50355,Lakshmipathy Balaji,1981-09-27,India,right,right,pace,Right-arm fast-medium,Q3521491 | enwiki:Lakshmipathy Balaji
b410bd3d,Sandeep Lamichhane,2000-08-02,Nepal,right,right,spin,Right-arm leg break,Q23884700 | enwiki:Sandeep Lamichhane
b4296080,Milind Kumar,1991-02-15,United States,right,right,spin,Right-arm off break,Q6851881 | enwiki:Milind Kumar
b483905d,Akash Singh,2002-04-26,India,right,left,pace,Left-arm medium-fast,"Q74265002 | enwiki:Akash Singh (cricketer, born 2002)"
b4b99816,Shubman Gill,1999-09-08,India,right,right,spin,Right-arm off break,Q28840013 | enwiki:Shubman Gill
b4f5c2d9,Kamlesh Nagarkoti,1999-12-28,India,right,right,pace,Right-arm fast,Q28853758 | enwiki:Kamlesh Nagarkoti
b51f72a5,Shubham Agarwal,1993-11-21,India,right,right,spin,Right-arm leg break,Q28549848 | enwiki:Shubham Agarwal
b52ffbbd,Fabian Allen,1995-05-07,West Indies,right,left,spin,Left-arm orthodox,Q21620729 | enwiki:Fabian Allen
b552a935,Alfonso Thomas,1977-02-09,South Africa,right,right,pace,Right-arm fast-medium,Q3525081 | enwiki:Alfonso Thomas
b56dc5f7,Beuran Hendricks,1990-07-08,South Africa,left,left,pace,Left-arm fast-medium,Q4899288 | enwiki:Beuran Hendricks
b5797845,Priyansh Arya,,India,left,,,,manual
b57f8a9a,Brad Hodge,1974-12-29,Australia,right,right,spin,Right-arm off break,Q2923401 | enwiki:Brad Hodge
b5da6c24,Parthiv Patel,1985-03-09,India,left,,,,Q2723815 | enwiki:Parthiv Patel
b61a3e1a,Ross Taylor,1984-03-08,New Zealand,right,right,spin,Right-arm off break,Q7369663 | enwiki:Ross Taylor
b63ab531,Luke Pomersbach,1984-09-28,Australia,left,right,spin,Right-arm off break,Q6702268 | enwiki:Luke Pomersbach
b63e358a,Ricky Bhui,1996-09-29,India,right,right,spin,Right-arm leg break,Q16226616 | enwiki:Ricky Bhui
b681e71e,Glenn Maxwell,1988-10-14,Australia,right,right,spin,Right-arm off break,Q4272108 | enwiki:Glenn Maxwell
b69e69ed,Ashley Noffke,1977-04-30,Australia,right,right,pace,Right-arm fast-medium,Q4805547 | enwiki:Ashley Noffke
b720a5d6,Dwaraka Ravi Teja,1987-09-05,India,right,right,spin,Right-arm leg break,Q5317875 | enwiki:Dwaraka Ravi Teja
b822e99c,Nathu Singh,1995-09-08,India,right,right,pace,Right-arm fast,Q21622898 | enwiki:Nathu Singh (cricketer)
b8527c3d,Rasikh Salam,2001-04-05,India,right,right,pace,Right-arm fast-medium,Q56877098 | enwiki:Rasikh Salam
b8a55852,Brendon McCullum,1981-09-27,New Zealand,right,right,pace,Right-arm medium,Q3345051 | enwiki:Brendon McCullum
b8d490fd,Aaron Finch,1986-11-17,Australia,right,left,spin,Left-arm orthodox,Q4662015 | enwiki:Aaron Finch
b970a03f,Michael Klinger,1980-07-04,Australia,right,,,,Q6831920 | enwiki:Michael Klinger
b9be6507,Arjun Yadav,1981-12-23,India,right,right,spin,Right-arm off break,Q4791595 | enwiki:Arjun Yadav
ba5e1069,Rachin Ravindra,1999-11-18,New Zealand,left,left,spin,Left-arm orthodox,Q58008279 | enwiki:Rachin Ravindra
ba607b88,Virat Kohli,1988-11-05,India,right,right,pace,Right-arm medium,Q213854 | enwiki:Virat Kohli
ba6b2f91,Raj Angad Bawa,2002-11-12,India,left,right,pace,Right-arm medium-fast,Q110961086 | enwiki:Raj Angad Bawa
bae11797,Gnaneshwara Rao,1984-08-25,India,right,right,pace,Right-arm medium,Q23008198 | enwiki:Gnaneswara Rao (cricketer)
bafd0398,Robin Minz,2002-09-13,India,left,left,spin,Left-arm orthodox,Q123997251 | enwiki:Robin Minz
bb18be76,Shane Warne,1969-09-13,Australia,right,right,spin,Right-arm leg break,Q555240 | enwiki:Shane Warne
bb345e0b,Gautam Gambhir,1981-10-14,India,left,right,spin,Right-arm leg break,Q2721515 | enwiki:Gautam Gambhir
bb351c23,Moeen Ali,1987-06-18,England,left,right,spin,Right-arm off break,Q6890053 | enwiki:Moeen Ali
bb965e9a,Priyam Garg,2000-11-30,India,right,right,pace,Right-arm medium,Q56678286 | enwiki:Priyam Garg
bbd41817,Andre Russell,1988-04-29,West Indies,right,right,pace,Right-arm fast,Q3531349 | enwiki:Andre Russell
bcce309e,Chaminda Vaas,1974-01-27,Sri Lanka,left,left,pace,Left-arm fast-medium,Q2737023 | enwiki:Chaminda Vaas
bcf325d2,Dhruv Jurel,2001-01-21,India,right,,,,Q104766914 | enwiki:Dhruv Jurel
bd17b45f,Stuart Binny,1984-06-03,India,right,right,pace,Right-arm medium-fast,Q3527608 | enwiki:Stuart Binny
bd54eef5,Narayan Jagadeesan,1995-12-24,India,right,,,,Q27656753 | enwiki:Narayan Jagadeesan
bd77eb62,Andrew Symonds,1975-06-09,Australia,right,right,pace,Right-arm medium,Q2723418 | enwiki:Andrew Symonds
bdadf7da,Joe Denly,1986-03-16,England,right,right,spin,Right-arm leg break,Q6209478 | enwiki:Joe Denly
be24ead0,Ramandeep Singh,1997-04-13,India,right,right,pace,Right-arm medium,Q28549277 | enwiki:Ramandeep Singh (cricketer)
be869ccf,George Garton,1997-04-15,England,left,left,pace,Left-arm fast-medium,Q23799609 | enwiki:George Garton
bf74b130,Finn Allen,1999-04-22,New Zealand,right,right,spin,Right-arm off break,Q45338751 | enwiki:Finn Allen
bff458c6,Azhar Bilakhia,1986-05-31,India,right,right,pace,Right-arm medium,Q56224100 | enwiki:Azhar Bilakhia
c03c6200,Darren Sammy,1983-12-20,West Indies,right,right,pace,Right-arm medium-fast,Q117743 | enwiki:Daren Sammy
c03e2850,Manan Vohra,1993-07-18,India,right,right,pace,Right-arm fast-medium,Q6746878 | enwiki:Manan Vohra
c03f1114,Dinesh Karthik,1985-06-01,India,right,right,spin,Right-arm off break,Q3519679 | enwiki:Dinesh Karthik
c05edf8e,Harpreet Brar,1995-09-16,India,left,left,spin,Left-arm orthodox,Q63247454 | enwiki:Harpreet Brar
c0c411cb,Naveen-ul-Haq,1999-09-23,Afghanistan,right,right,pace,Right-arm medium-fast,Q27049259 | enwiki:Naveen-ul-Haq
c15e2193,Faiz Fazal,1985-09-07,India,left,right,pace,Right-arm medium,Q5431333 | enwiki:Faiz Fazal
c16d4035,Sam Billings,1991-06-15,England,right,,,,Q7407186 | enwiki:Sam Billings
c18496e1,Bipul Sharma,1983-09-28,India,left,left,spin,Left-arm orthodox,Q4915509 | enwiki:Bipul Sharma
c1e53c3f,,,,,,,,
c24a2c5d,Sudeep Tyagi,1987-09-19,India,right,right,pace,Right-arm fast-medium,Q7633683 | enwiki:Sudeep Tyagi
c27b5a0e,Satyanarayana Raju,1999-07-10,India,right,right,pace,Right-arm medium-fast,Q133500683 | enwiki:Satyanarayana Raju (cricketer)
c28e9f12,Tejas Baroka,1996-02-01,India,right,right,spin,Right-arm leg break,Q29298561 | enwiki:Tejas Baroka
c2dd89ea,BR Sharath,1996-09-28,India,right,,,,Q62390123 | enwiki:BR Sharath
c33d8116,Mohsin Khan,1998-07-15,India,left,left,pace,Left-arm medium-fast,Q48733294 | enwiki:Mohsin Khan (Indian cricketer)
c38d3503,Shivam Mavi,1998-11-26,India,right,right,pace,Right-arm fast-medium,Q47489065 | enwiki:Shivam Mavi
c3a96caf,Mandeep Singh,1991-12-18,India,right,right,pace,Right-arm medium,Q6747933 | enwiki:Mandeep Singh
c3c92b42,Rajvardhan Hangargekar,2002-11-10,India,right,right,pace,Right-arm fast,Q104839714 | enwiki:Rajvardhan Hangargekar
c3d1402f,R. P. Singh,1985-12-06,India,right,left,pace,Left-arm fast-medium,Q3595504 | enwiki:R. P. Singh
c3d35165,Albie Morkel,1981-06-10,South Africa,left,right,pace,Right-arm medium-fast,Q3525482 | enwiki:Albie Morkel
c404f58a,Dirk Nannes,1986-05-16,Netherlands,right,left,pace,Left-arm fast-medium,Q5280852 | enwiki:Dirk Nannes
c42aaf71,Mithun Manhas,1979-10-12,India,right,right,spin,Right-arm off break,Q258123 | enwiki:Mithun Manhas
c4487b84,AB de Villiers,1984-02-17,South Africa,right,right,pace,Right-arm medium,Q3011889 | enwiki:AB de Villiers
c5aef772,Romario Shepherd,1994-11-26,West Indies,right,right,pace,Right-arm fast-medium,Q23761769 | enwiki:Romario Shepherd
c6097d68,Oshane Thomas,1997-02-18,West Indies,left,right,pace,Right-arm fast,Q27888532 | enwiki:Oshane Thomas
c64c2443,Syed Mohammed,1983-06-03,India,left,left,spin,Left-arm orthodox,Q7660390 | enwiki:Syed Mohammed
c654af19,Ryan McLaren,1983-02-09,South Africa,left,right,pace,Right-arm medium-fast,Q3525466 | enwiki:Ryan McLaren
c695b423,Prashant Solanki,2000-02-22,,right,right,spin,Right-arm leg break,Q105671092 | enwiki:Prashant Solanki
c69a7b5c,Abhishek Raut,1987-03-03,India,right,right,spin,Right-arm leg break,Q4667476 | enwiki:Abhishek Raut
c740ea83,Rajat Patidar,1993-06-01,India,right,right,spin,Right-arm off break,Q21622335 | enwiki:Rajat Patidar
c7a995d3,Ravisrinivasan Sai Kishore,1996-11-06,India,left,left,spin,Left-arm orthodox,Q28939723 | enwiki:Sai Kishore
c8179c68,Shadab Jakati,1980-11-27,India,left,left,spin,Left-arm orthodox,Q7460225 | enwiki:Shadab Jakati
c8f5f961,Anuj Rawat,1999-10-17,India,left,,,,Q41689497 | enwiki:Anuj Rawat
c96f6ac5,Wiaan Mulder,1998-02-19,South Africa,right,right,pace,Right-arm medium,Q27107148 | enwiki:Wiaan Mulder
c995d726,Colin Ingram,1985-07-03,South Africa,left,right,spin,Right-arm leg break,Q3529574 | enwiki:Colin Ingram
c9cac448,Tanmay Mishra,1986-12-22,Kenya,right,right,pace,Right-arm medium-fast,Q3529705 | enwiki:Tanmay Mishra
c9d33ef5,Rajesh Pawar,1979-09-06,India,left,left,spin,Left-arm orthodox,Q2128706 | enwiki:Rajesh Pawar
caa89a48,Sourav Sarkar,1984-12-15,India,right,right,pace,Right-arm medium-fast,Q16223427 | enwiki:Sourav Sarkar
cad00a4d,Rilee Rossouw,1989-10-09,South Africa,left,right,spin,Right-arm off break,Q7334164 | enwiki:Rilee Rossouw
caf69bf7,Daniel Sams,1992-10-27,Australia,right,left,pace,Left-arm fast-medium,Q43379382 | enwiki:Daniel Sams
cb9b8664,William O’Rourke,,New Zealand,right,right,pace,Right-arm fast,Q117485056 | enwiki:Will O'Rourke (cricketer)
cbf58a86,Shaik Rasheed,2004-09-24,India,right,right,spin,Right-arm leg break,Q115205868 | enwiki:Shaik Rasheed
cc1e8c68,Umesh Yadav,1987-10-25,India,right,right,pace,Right-arm fast,Q3521468 | enwiki:Umesh Yadav
cc61ee8f,Gurjapneet Singh,1998-11-08,India,right,left,pace,Left-arm fast-medium,Q131725565 | enwiki:Gurjapneet Singh | manual
cc777ffa,Abdul Basith,1998-10-09,India,right,right,spin,Right-arm off break,Q117467371 | enwiki:Abdul Basith (cricketer)
cca50cd6,Luke Wright,1985-03-07,England,right,right,pace,Right-arm medium,Q3529926 | enwiki:Luke Wright
cd8d2859,Darshan Nalkande,1998-10-04,India,right,right,pace,Right-arm fast-medium,Q56876986 | enwiki:Darshan Nalkande
cdc6bdba,Sandeep Warrier,1991-04-04,India,right,right,pace,Right-arm medium-fast,Q7416089 | enwiki:Sandeep Warrier
ce4cc4d5,Ryan Ninan,1985-11-19,India,right,right,spin,Right-arm off break,Q23887841 | enwiki:Ryan Ninan
ce794613,Thangarasu Natarajan,1991-05-27,India,left,left,pace,Left-arm medium,Q27662918 | enwiki:T. Natarajan
ce820073,Sandeep Sharma,1993-05-18,India,right,right,pace,Right-arm fast-medium,Q7416085 | enwiki:Sandeep Sharma
cedc1d9a,Pawan Suyal,1989-10-15,India,right,left,pace,Left-arm fast-medium,Q7156114 | enwiki:Pawan Suyal
cf0ccafa,M Siddharth,1998-07-03,India,right,left,spin,Left-arm orthodox,Q76118934 | enwiki:Manimaran Siddharth
cf59b3f0,Urvil Patel,1998-10-17,India,right,,,,Q47091232 | enwiki:Urvil Patel
cf73ad76,James Franklin,1980-11-07,New Zealand,left,left,pace,Left-arm medium,Q3530165 | enwiki:James Franklin (cricketer)
cfa4bd2b,Prithvi Raj,1998-02-20,India,left,left,pace,Left-arm medium,Q41653297 | enwiki:Prithvi Raj (cricketer)
cfad138c,Chamara Kapugedera,1987-02-24,Sri Lanka,right,right,pace,Right-arm medium,Q3529872 | enwiki:Chamara Kapugedera
d014d5ac,Sherfane Rutherford,1998-08-15,West Indies,left,right,pace,Right-arm fast-medium,Q29420893 | enwiki:Sherfane Rutherford
d027ba9f,Kane Williamson,1990-08-08,New Zealand,right,right,spin,Right-arm off break,Q3532495 | enwiki:Kane Williamson
d0513f63,Cameron White,1983-08-18,Australia,right,right,spin,Right-arm leg break,Q2748521 | enwiki:Cameron White
d167edd3,Scott Boland,1989-04-11,Australia,right,right,pace,Right-arm fast-medium,Q18684870 | enwiki:Scott Boland
d18f9182,Mahela Jayawardene,1977-05-27,Sri Lanka,right,right,pace,Right-arm medium,Q2739165 | enwiki:Mahela Jayawardene
d1a60072,Nehal Wadhera,2000-09-04,India,left,right,spin,Right-arm leg break,Q117399720 | enwiki:Nehal Wadhera | manual
d1c36f5c,Jason Roy,1990-07-21,England,right,right,pace,Right-arm medium,Q6163392 | enwiki:Jason Roy
d1c94b25,Charl Langeveldt,1974-12-17,South Africa,right,right,pace,Right-arm fast-medium,Q3520841 | enwiki:Charl Langeveldt
d2340a43,Anand Rajan,1987-04-17,India,right,right,pace,Right-arm medium,Q4751269 | enwiki:Anand Rajan
d2a6c0e6,Eoin Morgan,1986-09-10,Ireland,left,,,,Q3522251 | enwiki:Eoin Morgan
d2a989fc,Dhawal Kulkarni,1988-12-10,India,right,right,pace,Right-arm medium,Q5269461 | enwiki:Dhawal Kulkarni
d2c2b2d5,Sachin Tendulkar,1973-04-24,India,right,right,spin,Right-arm leg break,Q9488 | enwiki:Sachin Tendulkar
d2d4bb0a,Travis Birt,1981-12-09,Australia,left,right,pace,Right-arm medium,Q7836203 | enwiki:Travis Birt
d3611425,Lukman Meriwala,1991-12-11,India,left,left,pace,Left-arm fast-medium,Q20745047 | enwiki:Lukman Meriwala
d3a3e82d,Adrian Barath,1990-04-14,West Indies,right,right,spin,Right-arm off break,Q2825018 | enwiki:Adrian Barath
d45c29b1,Ashwani Kumar,2001-01-01,India,left,left,pace,Left-arm medium-fast,Q79053448 | enwiki:Ashwani Kumar (cricketer) | manual
d4d929b0,Vidwath Kaverappa,1999-02-25,India,right,right,pace,Right-arm fast-medium,Q117466715 | enwiki:Vidwath Kaverappa
d4eef961,Marchant de Lange,1990-10-13,South Africa,right,right,pace,Right-arm fast,Q6756940 | enwiki:Marchant de Lange
d4f9dbd4,Cheteshwar Pujara,1988-01-25,India,right,right,spin,Right-arm leg break,Q142613 | enwiki:Cheteshwar Pujara
d5130a30,Sai Sudharsan,2000-10-15,India,left,right,spin,Right-arm leg break,Q109382106 | enwiki:Sai Sudharsan
d621b427,Musheer Khan,,India,right,left,spin,Left-arm orthodox,Q124409351 | enwiki:Musheer Khan
d67d5f00,David Miller,1989-06-10,South Africa,left,right,spin,Right-arm off break,Q6828449 | enwiki:David Miller (South African cricketer)
d68e7f48,Ravi Rampaul,1984-10-15,West Indies,left,right,pace,Right-arm fast-medium,Q3531214 | enwiki:Ravi Rampaul
d7017798,Angkrish Raghuvanshi,2004-06-05,India,right,left,spin,Left-arm orthodox,Q125398830 | enwiki:Angkrish Raghuvanshi
d718440b,Veer Pratap Singh,1992-05-03,India,right,right,pace,Right-arm medium,Q7918108 | enwiki:Veer Pratap Singh
d7423da1,,,,,,,,
d7a57f75,Dillon du Preez,1981-11-08,South Africa,right,right,pace,Right-arm fast-medium,Q5276952 | enwiki:Dillon du Preez
d7b3a420,Jaskaran Singh,1989-09-04,Canada,right,right,pace,Right-arm medium,Q21285561 | enwiki:Jaskaran Singh (Canada cricketer)
d7c6af50,Daniel Vettori,1979-01-27,New Zealand,left,left,spin,Left-arm orthodox,Q3345022 | enwiki:Daniel Vettori
d84378a4,Mohammad Kaif,1980-12-01,India,right,right,spin,Right-arm off break,Q2117892 | enwiki:Mohammad Kaif
d8699ab7,Matthew Hayden,1971-10-29,Australia,left,right,pace,Right-arm fast-medium,Q981493 | enwiki:Matthew Hayden
d872f52a,Lee Carseldine,1975-11-17,Australia,left,left,pace,Left-arm medium,Q6513196 | enwiki:Lee Carseldine
d8b2f218,Brainder Sran,1992-12-10,India,left,left,pace,Left-arm fast-medium,Q20890056 | enwiki:Barinder Sran
d8d67045,Akshat Raghuwanshi,2003-09-15,India,right,right,spin,Right-arm off break,Q116983001 | enwiki:Akshat Raghuwanshi
d9273ee7,Marcus Stoinis,1989-08-16,Australia,right,right,pace,Right-arm medium,Q6758472 | enwiki:Marcus Stoinis
d92e42f5,KP Appanna,1988-12-20,India,right,left,spin,Left-arm orthodox,Q13116549 | enwiki:K. P. Appanna
da934ee8,Mahipal Lomror,1999-11-16,India,left,left,spin,Left-arm orthodox,Q27656620 | enwiki:Mahipal Lomror
dadbdb68,Jacob Duffy,2000-12-21,New Zealand,right,right,pace,Right-arm fast-medium,Q16228140 | enwiki:Jacob Duffy
db31895a,Ankit Rajpoot,1993-12-04,India,right,right,pace,Right-arm medium-fast,Q4766065 | enwiki:Ankit Rajpoot
db584dad,Chris Gayle,1979-09-21,West Indies,left,right,spin,Right-arm off break,Q2732196 | enwiki:Chris Gayle
dbc50253,Aditya Dole,1987-10-09,India,right,right,pace,Right-arm medium-fast,Q54824519 | enwiki:Aditya Dole
dbe50b21,Hardik Pandya,1993-10-11,India,right,right,pace,Right-arm medium-fast,Q19895060 | enwiki:Hardik Pandya
dc4686e6,Bhargav Bhatt,1990-05-13,India,left,left,spin,Left-arm orthodox,Q4901272 | enwiki:Bhargav Bhatt (cricketer)
dc9dd038,Sachin Baby,1988-12-18,India,left,right,spin,Right-arm off break,Q7396732 | enwiki:Sachin Baby
dcce6f09,David Warner,1986-10-27,Australia,left,right,spin,Right-arm leg break,Q3018962 | enwiki:David Warner (cricketer)
dce2019b,Farhaan Behardien,1983-10-09,South Africa,right,right,pace,Right-arm medium,Q5435130 | enwiki:Farhaan Behardien
dcf81436,Siddarth Kaul,1990-05-19,India,right,right,pace,Right-arm medium,Q7508050 | enwiki:Siddarth Kaul
dd09ff8e,Brett Lee,1976-11-08,Australia,right,right,pace,Right-arm fast,Q422980 | enwiki:Brett Lee
dd7e9b3b,Yash Dhull,2002-11-11,India,right,right,spin,Right-arm off break,Q110944806 | enwiki:Yash Dhull
ddb00822,Padmanabhan Prasanth,1985-05-22,India,left,left,spin,Left-arm orthodox,Q16223889 | enwiki:Padmanabhan Prasanth
ddc0828d,Andrew Flintoff,1977-12-06,England,right,right,pace,Right-arm fast-medium,Q95885 | enwiki:Andrew Flintoff
dddca1d6,Shrikant Wagh,1988-10-09,India,left,left,pace,Left-arm fast-medium,Q11056542 | enwiki:Shrikant Wagh
dded65e7,Ishank Jaggi,1989-01-27,India,right,,,,Q6079984 | enwiki:Ishank Jaggi
de4b0555,Rahul Shukla,1990-08-28,India,right,right,pace,Right-arm medium,Q16225499 | enwiki:Rahul Shukla
de7d833e,Dilshan Madushanka,2000-09-18,Sri Lanka,right,left,pace,Left-arm fast-medium,Q87645836 | enwiki:Dilshan Madushanka
de8cce37,VVS Laxman,1974-11-01,India,right,right,spin,Right-arm off break,Q10233 | enwiki:VVS Laxman
de8d3876,Mahesh Rawat,1985-10-25,India,right,,,,Q6733871 | enwiki:Mahesh Rawat
dec8e038,Rusty Theron,1985-06-24,South Africa,right,right,pace,Right-arm fast-medium,Q3525013 | enwiki:Rusty Theron
ded9240e,Pat Cummins,1993-05-08,Australia,right,right,pace,Right-arm fast,Q7143348 | enwiki:Pat Cummins
dee07622,,,,,,,,
df064e1a,Ravi Bishnoi,2000-09-05,India,right,right,spin,Right-arm leg break,Q61784610 | enwiki:Ravi Bishnoi
df5a6881,Devon Conway,1991-07-08,New Zealand,left,right,pace,Right-arm medium,Q20981443 | enwiki:Devon Conway
dfc4d8b5,Kane Richardson,1991-02-12,Australia,right,right,pace,Right-arm fast-medium,Q6361846 | enwiki:Kane Richardson
e0351c86,Nuwan Zoysa,1978-05-13,Sri Lanka,left,left,pace,Left-arm fast-medium,Q7070664 | enwiki:Nuwan Zoysa
e03b66ec,Mohammad Asif,1982-12-21,Pakistan,left,right,pace,Right-arm medium-fast,Q3049012 | enwiki:Mohammad Asif (cricketer)
e0407c01,Ishwar Pandey,1989-08-15,India,right,right,pace,Right-arm medium-fast,Q6080718 | enwiki:Ishwar Pandey
e087956b,Ben Stokes,1991-06-04,England,left,right,pace,Right-arm fast-medium,Q4886521 | enwiki:Ben Stokes
e148e6bd,Prashant Veer,2005-11-24,India,left,left,spin,Left-arm orthodox,Q137539461 | enwiki:Prashant Veer
e186f49c,Mashrafe Bin Mortaza,1983-10-05,Bangladesh,right,right,pace,Right-arm fast,Q3350076 | enwiki:Mashrafe Mortaza
e1b9f3a9,Ben Dwarshuis,1994-06-23,Australia,left,left,pace,Left-arm fast-medium,Q27663191 | enwiki:Ben Dwarshuis
e1d1b294,Herschelle Gibbs,1974-02-23,South Africa,right,right,pace,Right-arm medium,Q3269729 | enwiki:Herschelle Gibbs
e1d9ae9c,,,,,,,,
e249fdaa,Aakash Chopra,1977-09-19,India,right,right,pace,Right-arm medium,Q3528244 | enwiki:Aakash Chopra
e2db2409,Murugan Ashwin,1990-09-08,India,right,right,spin,Right-arm leg break,Q22003201 | enwiki:Murugan Ashwin
e32d22f6,Pankaj Singh,1985-05-06,India,right,right,pace,Right-arm medium-fast,Q7131295 | enwiki:Pankaj Singh (cricketer)
e342e5fb,Carlos Brathwaite,1988-07-18,West Indies,right,right,pace,Right-arm fast-medium,Q18684975 | enwiki:Carlos Brathwaite
e3851766,,,,,,,,
e38bce7a,Michael Bracewell,1991-02-14,New Zealand,left,right,spin,Right-arm off break,Q21620929 | enwiki:Michael Bracewell (cricketer)
e412cb64,Harry Gurney,1986-10-25,England,right,left,pace,Left-arm fast-medium,Q5669335 | enwiki:Harry Gurney
e48a4814,,,,,,,,
e4a0deae,Mitchell Santner,1992-02-05,New Zealand,left,left,spin,Left-arm orthodox,Q19860904 | enwiki:Mitchell Santner
e4cdf230,Anukul Roy priyansh Kumar,1998-11-30,India,left,left,spin,Left-arm orthodox,Q47658716 | enwiki:Anukul Roy
e5437608,George Linde,1991-12-04,South Africa,left,left,spin,Left-arm orthodox,Q20981677 | enwiki:George Linde
e62dd25d,Kagiso Rabada,1995-05-25,South Africa,left,right,pace,Right-arm fast,Q16225238 | enwiki:Kagiso Rabada
e66732f8,Ryan Rickelton,1996-07-11,South Africa,left,left,spin,Left-arm orthodox,Q26837948 | enwiki:Ryan Rickelton
e798611a,Hashim Amla,1983-03-31,South Africa,right,right,spin,Right-arm off break,Q735128 | enwiki:Hashim Amla
e84ac20c,Matt Henry,1991-12-14,New Zealand,right,right,pace,Right-arm fast-medium,Q16224322 | enwiki:Matt Henry (cricketer)
e86754b2,Tom Curran,1995-03-12,England,right,right,pace,Right-arm fast-medium,Q16228090 | enwiki:Tom Curran (cricketer)
e938e1bc,Praveen Kumar,1980-10-02,India,right,right,pace,Right-arm medium-fast,Q3519988 | enwiki:Praveen Kumar (cricketer)
e94915e6,Sam Curran,1998-06-03,England,left,left,pace,Left-arm medium-fast,Q20676350 | enwiki:Sam Curran
e96801ea,Manoj Bhandage,1998-10-05,India,left,right,pace,Right-arm medium-fast,Q61785838 | enwiki:Manoj Bhandage
e9c7f0d0,Fazalhaq Farooqi,2000-09-22,Afghanistan,right,left,pace,Left-arm fast,Q43181870 | enwiki:Fazalhaq Farooqi
ea0cdc12,Ajantha Mendis,1985-03-11,Sri Lanka,right,right,spin,Right-arm off break,Q2480608 | enwiki:Ajantha Mendis
eaa76d3c,Cameron Green,1999-06-03,Australia,right,right,pace,Right-arm fast-medium,Q28180521 | enwiki:Cameron Green
eaa90ab4,Pankaj Dharmani,1974-09-27,India,right,,,,Q3528824 | enwiki:Pankaj Dharmani
eade4650,Daryl Mitchell,1988-02-16,New Zealand,right,right,pace,Right-arm medium,Q21622066 | enwiki:Daryl Mitchell (New Zealand cricketer)
ebcfef83,Himmat Singh,1996-11-08,India,right,right,spin,Right-arm off break,Q21066639 | enwiki:Himmat Singh (cricketer)
ece7b6b3,Praful Hinge,,India,right,right,pace,Right-arm medium-fast,Q139374684 | enwiki:Praful Hinge | manual
ed5a5510,Praveen Dubey,1993-07-01,India,right,right,spin,Right-arm leg break,Q23007810 | enwiki:Praveen Dubey
edb3d4f8,KC Cariappa,1994-04-13,India,right,right,spin,Right-arm leg break,Q19891104 | enwiki:K. C. Cariappa (cricketer)
ee1b6c27,Nuwan Thushara,1994-08-06,Sri Lanka,right,right,pace,Right-arm medium-fast,Q28967914 | enwiki:Nuwan Thushara
ee3dfa89,Sunny Gupta,1988-09-27,India,right,right,spin,Right-arm off break,Q7640686 | enwiki:Sunny Gupta
ee7d0c82,Glenn McGrath,1970-02-09,Australia,right,right,pace,Right-arm fast-medium,Q1392178 | enwiki:Glenn McGrath
eea6b7f1,Stephen Fleming,1973-04-01,New Zealand,left,right,pace,Right-arm medium,Q3352116 | enwiki:Stephen Fleming
eef2536f,Avesh Khan,1996-12-13,India,right,right,pace,Right-arm fast-medium,Q20744906 | enwiki:Avesh Khan
ef5da05c,Ali Murtaza,1990-01-01,India,left,left,spin,Left-arm orthodox,Q3528968 | enwiki:Ali Murtaza
efc04be7,Noor Ahmad,2005-01-03,Afghanistan,right,left,spin,Left-arm wrist spin,Q70442895 | enwiki:Noor Ahmad
f088b960,Sarfaraz Khan,1997-10-27,India,right,right,spin,Right-arm leg break,Q19827869 | enwiki:Sarfaraz Khan (cricketer)
f0af99a7,Donavon Ferreira,1998-07-21,South Africa,right,right,spin,Right-arm off break,Q56630858 | enwiki:Donovan Ferreira
f0f628c7,Munaf Patel,1983-07-12,India,right,right,pace,Right-arm fast-medium,Q3522136 | enwiki:Munaf Patel
f10e94c4,Akshdeep Nath,1993-05-10,United Arab Emirates,right,right,pace,Right-arm medium-fast,Q16224978 | enwiki:Akshdeep Nath
f12fe2a1,,,,,,,,
f1809c03,Tanay Thyagarajan,1995-11-15,India,left,left,spin,Left-arm orthodox,Q49582291 | enwiki:Tanay Thyagarajan
f18ba07f,Ankit Soni,1993-08-02,India,right,right,spin,Right-arm leg break,Q29581817 | enwiki:Ankit Soni
f19ccfad,Washington Sundar,1999-10-05,India,left,right,spin,Right-arm off break,Q24572606 | enwiki:Washington Sundar
f1f99156,Tim David,1996-03-16,Singapore,right,right,spin,Right-arm off break,Q47009431 | enwiki:Tim David
f21043a5,Kushal Janith Perera,1990-08-17,Sri Lanka,left,right,pace,Right-arm medium,Q6447872 | enwiki:Kusal Perera
f233bbb4,Sanath Jayasuriya,1969-06-30,Sri Lanka,left,left,spin,Left-arm orthodox,Q378810 | enwiki:Sanath Jayasuriya
f24c6701,Mahesh Theekshana,2000-08-01,Sri Lanka,right,right,spin,Right-arm off break,Q59656519 | enwiki:Maheesh Theekshana
f24ca2ba,Chetanya Nanda,1979-03-29,India,right,right,spin,Right-arm leg break,Q5094159 | enwiki:Chetanya Nanda
f29185a1,Abhishek Sharma,2000-09-04,India,left,left,spin,Left-arm orthodox,Q19803999 | enwiki:Abhishek Sharma
f2c936d7,Mitchell Owen,2001-09-16,Australia,right,right,pace,Right-arm medium,Q104792922 | enwiki:Mitchell Owen
f3171936,Ben Hilfenhaus,1983-03-15,Australia,right,right,pace,Right-arm fast-medium,Q2738979 | enwiki:Ben Hilfenhaus
f3cb53a1,Mark Boucher,1976-12-03,South Africa,right,right,pace,Right-arm medium,Q678379 | enwiki:Mark Boucher
f48cf4da,Devraj Patil,1984-12-06,India,right,,,,Q23887842 | enwiki:Devraj Patil
f4cb4f53,Anustup Majumdar,1984-04-30,India,right,right,spin,Right-arm leg break,Q4777945 | enwiki:Anustup Majumdar
f4f0fafd,Bodapati Sumanth,1988-05-10,India,,,,,Q21285586 | enwiki:Bodapati Sumanth
f5180fe6,Mitchell Johnson,1981-11-02,Australia,left,left,pace,Left-arm fast,Q3180617 | enwiki:Mitchell Johnson
f5f18a18,Suraj Randiv,1985-01-30,Sri Lanka,right,right,spin,Right-arm off break,Q3527616 | enwiki:Suraj Randiv
f62772e5,Pawan Negi,1993-01-06,India,left,left,spin,Left-arm orthodox,Q7156110 | enwiki:Pawan Negi
f663ef00,J. Arunkumar,1975-01-18,India,right,right,spin,Right-arm off break,Q13638714 | enwiki:J. Arunkumar
f6d8a7ab,Kumar Kartikeya,1997-12-26,India,right,left,spin,Left-arm orthodox,Q56809136 | enwiki:Kumar Kartikeya | manual
f708a0bc,Brad Hogg,1971-02-06,Australia,left,left,spin,Left-arm wrist spin,Q2735524 | enwiki:Brad Hogg
f752db61,James Pattinson,1990-05-03,Australia,left,right,pace,Right-arm fast-medium,Q6141051 | enwiki:James Pattinson
f834dcfc,Lungi Ngidi,1996-03-29,South Africa,right,right,pace,Right-arm fast-medium,Q24579247 | enwiki:Lungi Ngidi
f836b33d,Tom Kohler-Cadmore,1994-08-19,England,right,right,spin,Right-arm off break,Q16224613 | enwiki:Tom Kohler-Cadmore
f842c2cf,Michael Clarke,1981-04-02,Australia,right,left,spin,Left-arm orthodox,Q1428440 | enwiki:Michael Clarke (cricketer)
f846de6a,Marlon Samuels,1981-02-05,West Indies,right,right,spin,Right-arm off break,Q3351437 | enwiki:Marlon Samuels
f89d3b11,Sameer Rizvi,2003-12-06,India,right,right,spin,Right-arm off break,Q83784637 | enwiki:Sameer Rizvi | manual
f986ca1a,Harshal Patel,1990-11-23,India,right,right,pace,Right-arm fast-medium,Q5673850 | enwiki:Harshal Patel
f9e6e7ef,Sahabaz Ahmed,1994-12-12,India,left,left,spin,Left-arm orthodox,Q56678507 | enwiki:Shahbaz Ahmed (cricketer)
fa2f1dde,Kulwant Khejroliya,1992-03-13,India,left,left,pace,Left-arm medium-fast,Q28843030 | enwiki:Kulwant Khejroliya
fa463154,Ajit Agarkar,1977-12-04,India,right,right,pace,Right-arm fast-medium,Q3520013 | enwiki:Ajit Agarkar
faa7365d,Dhruv Shorey,1992-06-05,India,right,right,spin,Right-arm off break,Q21622869 | enwiki:Dhruv Shorey
facb9086,Siddharth Chitnis,1987-05-06,India,right,right,spin,Right-arm off break,Q7508099 | enwiki:Siddharth Chitnis
fb24e76c,Monu Kumar,1994-11-05,India,right,right,pace,Right-arm medium,Q27922546 | enwiki:Monu Kumar
fb2d1dda,Nitish Rana,1993-12-27,India,left,right,spin,Right-arm off break,Q20745110 | enwiki:Nitish Rana
fb5f69e4,Madhav Tiwari,2003-09-28,India,,,,,Q135246603
fb66ce1f,Chris Morris,1987-04-30,South Africa,right,right,pace,Right-arm fast-medium,Q5107508 | enwiki:Chris Morris (cricketer)
fb693839,Sarabjit Ladda,1986-07-10,India,right,right,spin,Right-arm leg break,Q7421931 | enwiki:Sarabjit Ladda
fcc21ace,Anshul Kamboj,1994-12-06,India,right,right,pace,Right-arm medium,Q130571687 | enwiki:Anshul Kamboj
fd835ab3,David Hussey,1977-07-15,Australia,right,right,spin,Right-arm off break,Q672856 | enwiki:David Hussey
fdcb08c2,Amit Uniyal,1981-11-21,India,left,left,pace,Left-arm fast-medium,Q4746893 | enwiki:Amit Uniyal
fdedb37c,Simon Katich,1975-08-21,Australia,left,left,spin,Left-arm wrist spin,Q7519090 | enwiki:Simon Katich
fdf7491e,Ishan Porel,1998-09-05,India,right,right,pace,Right-arm medium,Q28839984 | enwiki:Ishan Porel
fe11caa6,Wriddhiman Saha,1984-10-24,India,right,right,spin,Right-arm off break,Q3528391 | enwiki:Wriddhiman Saha
fe366f34,Cooper Connolly,2003-08-22,Australia,left,left,spin,Left-arm orthodox,Q106560608 | enwiki:Cooper Connolly
fe763256,Yalaka Venugopal Rao,1982-02-26,India,right,right,spin,Right-arm off break,Q3520628 | enwiki:Venugopal Rao (cricketer)
fe93fd9d,Ravindra Jadeja,1988-12-06,India,left,left,spin,Left-arm orthodox,Q2721457 | enwiki:Ravindra Jadeja
fef92afc,Scott Kuggeleijn,1992-01-03,New Zealand,right,right,pace,Right-arm fast-medium,Q21621744 | enwiki:Scott Kuggeleijn
ff077124,Kamran Akmal,1982-01-13,Pakistan,right,right,pace,Right-arm medium,Q738378 | enwiki:Kamran Akmal
ff154ecd,Jordan Cox,2000-10-21,England,right,right,spin,Right-arm off break,Q63348356 | enwiki:Jordan Cox (cricketer)
ff1e12a0,Ashton Turner,1993-01-25,Australia,right,right,spin,Right-arm off break,Q16225731 | enwiki:Ashton Turner
ff1e68fa,Baba Indrajith,1994-07-08,India,right,right,spin,Right-arm leg break,Q16844292 | enwiki:Baba Indrajith
ffe699c0,Chris Jordan,1988-10-04,England,right,right,pace,Right-arm fast-medium,Q5107047 | enwiki:Chris Jordan (cricketer)
fffa744b,Naman Dhir,,India,right,,,,manual
